track_id,year
2,2009-01-05
5,2009-01-05
10,2008-02-06
140,2007-05-22
141,2009-01-16
148,2009-01-15
182,2005-04-26
190,2009-01-07
193,2009-01-07
194,2009-01-07
197,2009-01-07
200,2009-01-07
203,2009-01-07
204,2009-01-07
207,2009-01-07
210,2009-01-07
211,2009-01-07
212,2009-01-07
213,2007-07-05
255,2009-01-09
256,2009-01-08
368,2009-01-01
424,2009-01-08
459,2009-01-07
534,2009-01-14
540,2009-01-14
546,2009-01-14
574,2009-01-08
602,2007-12-04
615,2009-01-08
621,2009-01-07
625,2009-01-07
666,2009-01-08
667,2009-01-08
676,2007-01-01
690,2009-01-08
694,2007-11-30
695,2009-01-08
704,2007-01-01
705,2007-01-01
706,2007-01-01
707,2007-01-01
708,2007-01-01
709,2007-01-01
714,2009-01-09
715,2008-03-18
716,2008-03-18
718,2008-03-18
777,2000-01-01
814,2000-01-09
821,2008-03-18
822,2008-03-18
825,2008-01-01
853,2007-11-20
890,2009-01-06
892,2008-03-01
897,2009-01-12
995,2007-01-01
997,2007-01-01
998,2007-01-01
1039,2001-02-01
1040,2003-01-01
1066,2005-04-15
1069,2005-04-15
1073,2005-04-15
1075,2005-04-15
1082,2007-11-20
1083,2009-01-14
1087,2008-01-06
1102,2008-01-01
1193,2009-01-14
1195,2009-01-14
1196,2009-01-14
1197,2009-01-14
1249,2004-01-01
1259,2005-01-01
1270,2009-01-15
1276,2008-01-01
1277,2009-01-15
1278,2009-01-15
1417,2009-01-06
1427,2009-01-27
1443,2009-01-16
1482,2009-01-16
1510,2003-01-01
1544,2009-01-13
1642,2008-01-01
1644,2008-01-01
1649,2008-01-01
1661,2008-01-01
1663,2007-09-04
1666,2007-09-04
1673,2009-01-23
1680,2009-01-23
1681,2009-01-23
1682,2009-01-23
1683,2009-01-23
1684,2009-01-23
1685,2009-01-23
1686,2009-01-23
1687,2009-01-23
1688,2009-01-23
1689,2009-01-23
1701,2006-01-01
1702,2009-01-23
1703,2009-01-23
1704,2006-01-01
1706,2009-01-23
1720,2007-01-01
1732,2008-01-01
1733,2008-01-01
1735,2008-01-01
1736,2008-01-01
1883,2009-01-09
1891,2009-01-15
1893,2008-12-31
1929,2008-04-01
2096,2009-01-08
2097,2004-01-01
2099,2009-01-13
3263,2008-09-27
3264,2008-09-27
3265,2008-09-27
3266,2008-09-27
3270,2008-06-02
3271,2008-06-02
3272,2008-06-02
3273,2008-06-02
3274,2008-06-02
3492,2008-03-24
3532,2008-06-13
3533,2008-06-13
3534,2008-06-13
3535,2008-06-13
3537,2008-06-13
3538,2008-06-13
3573,2003-07-23
3598,2007-11-02
3624,2008-09-16
3707,2005-07-26
3708,2005-07-26
3720,2008-07-07
3721,2008-07-07
3722,2008-07-07
3724,2008-07-07
3725,2008-07-07
3761,2003-04-22
3762,2003-04-22
3763,2003-04-22
3765,2003-04-22
3766,2003-04-22
3775,2008-10-18
3776,2008-10-18
3777,2008-10-18
3778,2008-10-18
3779,2008-10-18
3832,2008-10-27
3833,2001-02-27
3840,2001-02-27
3880,2006-09-10
3895,2008-05-17
3896,2008-05-17
3904,2005-12-12
3905,2008-10-13
3906,2008-10-13
3908,2008-10-13
3909,2008-10-13
3910,2005-12-12
3911,2008-10-13
3912,2005-12-12
3913,2005-12-12
3920,2007-09-10
3921,2007-09-10
3950,2008-06-17
4013,2008-03-31
4017,2008-03-31
4022,2008-05-27
4037,2009-01-22
4066,2008-06-09
4067,2008-06-09
4068,2008-06-09
4069,2008-06-09
4091,2008-09-06
4092,2008-09-06
4093,2008-09-06
4094,2008-09-06
4095,2008-09-06
4096,2008-09-06
4097,2008-09-06
4098,2008-09-06
4099,2008-09-06
4100,2008-09-06
4101,2008-09-06
4102,2008-09-06
4103,2008-09-06
4108,2007-12-18
4232,2007-04-07
4233,2007-04-07
4234,2007-04-07
4235,2007-04-07
4236,2007-04-07
4239,2007-04-07
4450,2008-10-05
4519,2008-10-28
4520,2008-10-28
4521,2008-10-28
4522,2008-10-28
4682,2004-09-25
4684,2004-09-25
4685,2004-09-25
4688,2004-09-25
4777,2008-12-23
4778,2008-12-23
4779,2008-12-23
4780,2008-12-23
4781,2008-12-23
4782,2008-12-23
4784,2008-12-23
4785,2008-12-23
4786,2008-12-23
4787,2008-12-23
4788,2008-12-23
4799,2008-12-23
4835,2002-06-21
4836,2002-06-21
4838,2002-06-21
4846,2008-10-04
4848,2008-10-04
4849,2008-10-04
5006,2002-11-10
5156,2008-05-05
5157,2008-05-05
5158,2008-05-05
5159,2008-05-05
5169,2008-05-05
5170,2008-05-05
5171,2008-05-05
5191,2004-09-13
5264,2002-07-11
5268,2002-07-11
5376,2006-09-10
5381,2006-09-10
5521,2004-01-12
5879,1989-01-01
5936,2009-01-22
5940,2008-12-08
6329,2009-01-17
6331,2009-01-17
6332,2009-01-17
6333,2009-01-17
6342,2009-01-17
6357,2009-01-17
6358,2009-01-17
6360,2009-01-17
6363,2009-01-17
6366,2009-01-17
6368,2009-01-17
6370,2009-01-17
6372,2009-01-17
6373,2009-01-17
6376,2009-01-17
6380,2009-01-17
6381,2009-01-17
6382,2009-01-17
6383,2009-01-17
6385,2009-01-17
6387,2009-01-17
6390,2009-01-17
6393,2009-01-17
6394,2009-01-17
6396,2009-01-17
6406,2009-02-19
6407,2009-02-19
6459,2009-01-17
6461,2008-06-09
6463,2008-06-09
6467,2008-06-09
6469,2009-01-17
6517,2008-10-28
6519,2008-10-28
6603,2009-01-25
6605,2009-01-25
6606,2009-01-25
6607,2009-01-25
6608,2009-01-25
6609,2009-01-25
6610,2009-01-25
6611,2009-01-25
6674,2008-11-29
6675,2008-11-29
6677,2008-11-29
6679,2008-11-29
6680,2008-11-29
6684,2008-11-29
6762,2008-06-09
6776,2008-06-08
6778,2008-06-08
6779,2008-04-06
6782,2008-04-06
6783,2008-04-06
6788,2002-06-21
6802,2009-01-10
6803,2009-01-10
6854,2008-10-27
6855,2008-10-27
6856,2008-10-27
6857,2008-08-17
7011,2009-03-08
7373,2002-01-01
7374,2002-01-01
7375,2002-01-01
7376,2002-01-01
7377,2002-01-01
7378,2002-01-01
7379,2002-01-01
7381,2002-01-01
7383,2002-01-01
7385,2002-01-01
7386,2002-01-01
7388,2002-01-01
7391,2002-01-01
7393,2002-01-01
7481,2008-11-07
7482,2008-11-07
7483,2008-11-07
7487,2008-11-07
7488,2008-11-07
7489,2008-11-07
7490,2008-11-07
7491,2008-11-07
7492,2008-11-07
7495,2008-03-14
7548,2006-08-03
7554,2006-08-03
7709,2005-03-03
7710,2005-03-03
7711,2005-03-03
7712,2005-03-03
7713,2005-03-03
7872,2008-12-20
8056,2003-10-25
8208,2009-10-13
8256,2008-07-28
8259,2008-07-28
8261,2008-07-28
8345,2003-10-31
8357,2003-11-26
8363,2003-11-26
8372,2003-11-26
8416,2003-02-13
9152,2000-01-01
9155,1997-04-01
9476,1996-04-01
9477,2007-03-26
9491,2008-07-01
9505,2007-03-26
9511,2008-05-06
9512,2006-11-01
9513,2007-10-13
9550,2009-04-02
9553,2009-04-02
9555,2009-04-02
9557,2009-04-02
9559,2009-04-02
9560,2009-04-02
9721,2007-04-01
9846,2006-11-01
9918,2008-04-01
10186,2007-05-26
10192,2008-04-01
10374,2009-01-04
10375,2009-01-04
10376,2009-01-04
10377,2009-01-04
10435,2001-04-01
10438,2007-01-01
10439,2007-01-01
10440,2007-01-01
10441,2007-01-01
10442,2007-01-01
10443,2007-01-01
10444,2007-01-01
10447,2007-01-01
10480,2007-01-01
10481,2007-01-01
10485,2007-01-01
10521,1997-04-01
10527,1997-04-01
10535,1997-04-01
10541,1997-04-01
10575,1982-12-16
10577,1980-12-09
10668,2008-05-05
10669,2008-05-05
10670,2008-05-05
10671,2008-05-05
10672,2008-05-05
10673,2008-05-05
10674,2008-05-05
10675,2008-05-05
10676,2008-05-05
10677,2008-05-05
10678,2007-01-27
10679,2007-01-27
10682,2007-01-27
10684,2007-01-27
10693,2005-01-01
10694,2005-01-01
10695,2005-01-01
10696,2005-01-01
10697,2005-01-01
10698,2005-01-01
10699,2005-01-01
10805,2008-01-01
10806,2008-01-01
10807,2008-01-01
10808,2008-01-01
10809,2008-01-01
10810,2008-01-01
10983,2007-04-01
10992,2007-01-01
11019,2008-07-01
11020,2008-07-01
11059,2007-01-01
11198,2009-03-02
11199,2009-03-02
11200,2009-03-02
11204,2009-03-02
11206,2009-03-02
11237,2005-04-01
11242,2007-04-01
11261,2009-04-10
11262,2004-11-12
11264,2004-11-12
11268,2004-11-12
11298,2004-11-12
11299,2004-11-12
11306,1997-10-07
11333,1982-02-11
11334,1982-02-11
11503,2006-11-04
11504,2006-11-04
11505,2006-11-04
11508,2006-11-04
11544,1985-01-01
11638,2009-02-12
11671,2009-04-04
11672,2009-04-04
11673,2009-04-04
11674,2009-04-04
11675,2009-04-04
11677,2009-04-04
11679,2009-04-04
11681,2009-04-04
11682,2009-04-04
11683,2009-04-04
11933,2009-05-01
11937,2009-05-01
11942,2009-05-01
11946,2009-01-20
11947,2009-01-20
11951,2009-01-20
12045,2009-05-01
12046,2009-05-01
12047,2009-05-01
12048,2009-05-01
12049,2009-05-01
12050,2009-05-01
12051,2009-05-01
12052,2009-05-01
12053,2009-05-01
12058,2009-05-01
12059,2009-05-01
12060,2009-05-01
12061,2009-05-01
12062,2009-05-01
12064,2009-05-01
12065,2009-05-01
12066,2009-05-01
12067,2009-05-01
12109,2007-01-01
12173,2008-11-01
12174,2008-11-01
12179,2008-11-01
12188,2008-10-01
12189,2008-10-01
12346,2009-05-06
12348,2009-03-29
12349,2009-03-29
12350,2009-03-29
12351,2009-03-29
12352,2009-03-29
12353,2009-03-29
12355,2009-03-29
12376,2008-07-01
12387,2008-06-01
12390,2008-06-01
12394,2008-06-01
12481,2007-01-01
12482,2007-01-01
12484,2007-01-01
12485,2007-01-01
12486,2007-01-01
12487,2007-01-01
12488,2007-01-01
12489,2007-01-01
12490,2007-01-01
12508,2007-01-20
12513,2007-01-20
12514,2007-01-20
12518,2008-06-01
12521,2008-06-01
12526,2008-06-01
12527,2008-02-01
12530,2008-02-01
12531,2008-02-01
12532,2008-02-01
12537,2008-01-01
12551,2008-01-01
12552,2008-01-01
12654,2009-05-01
12690,2007-12-21
12691,2007-12-21
12692,2007-12-21
12737,2009-05-12
13191,2007-12-01
13197,2007-12-01
13199,2007-12-01
13201,2007-11-01
13218,2007-10-01
13220,2007-10-01
13325,2007-08-01
13328,2007-08-01
13362,2007-07-01
13378,2007-07-01
13474,2007-06-01
13537,2009-05-19
13538,2009-05-19
13539,2009-05-19
13540,2009-05-19
13556,2007-05-01
13561,2007-05-01
13562,2007-04-01
13566,2007-04-01
13571,2007-04-01
13578,2005-05-08
13591,2007-03-01
13596,2007-03-01
13666,2007-01-01
13668,2007-01-01
13670,2007-01-01
13706,2007-02-27
13707,2007-02-27
13708,2007-02-27
13709,2007-02-27
13710,2007-02-27
13711,2007-02-27
13735,2008-01-01
13747,2007-01-01
13748,2007-01-01
13749,2007-01-01
13767,2005-01-01
13768,2005-01-01
13804,2008-04-01
14063,2009-03-01
14315,2009-06-01
14316,2009-06-01
14317,2009-06-01
14318,2009-06-01
14319,2009-06-01
14320,2009-06-01
14344,2009-05-01
14538,2009-04-20
14539,2009-04-20
14541,2009-04-20
14542,2009-04-20
14568,2009-01-01
14569,2009-01-01
14570,2009-01-01
14571,2009-01-01
14572,2009-01-01
14576,2009-01-01
14577,2009-01-01
14578,2009-01-01
14579,2009-01-01
14580,2009-01-01
14581,2009-01-01
14583,2009-01-01
14584,2009-01-01
14585,2009-01-01
14586,2009-01-01
14588,2009-01-01
14589,2009-01-01
14590,2009-01-01
14601,2009-06-09
14602,2009-06-09
14603,2009-06-09
14604,2009-06-09
14653,2008-09-07
14690,2008-07-01
14733,2009-05-28
14734,2009-05-28
14735,2009-05-28
14736,2009-05-28
14737,2009-05-28
14738,2009-05-28
14739,2009-05-28
14740,2009-05-28
14741,2009-05-28
14742,2009-05-28
14743,2009-05-28
14744,2009-05-28
14745,2009-05-28
14809,2009-04-10
15094,2009-06-11
15210,2009-06-17
15464,2006-11-01
15469,2006-11-01
15471,2006-11-01
15475,2006-11-01
15476,2006-11-01
15487,1930-01-01
15540,2009-06-25
15541,2009-06-25
15542,2009-06-25
15543,2009-06-25
15625,1999-08-01
15769,2009-06-09
15770,2009-06-09
15771,2009-06-09
15772,2009-06-09
15773,2009-06-09
15880,2009-01-01
16095,2009-06-25
16095,2009-06-25
16155,2009-07-07
16158,2009-07-07
16162,2009-07-07
16163,2009-07-07
16337,1999-01-01
16337,1999-01-01
16338,1999-01-01
16339,1999-01-01
16339,1999-01-01
16340,1999-01-01
16340,1999-01-01
16354,2004-01-01
16354,2004-01-01
16743,2005-06-19
16743,2005-06-19
16744,2005-06-19
16744,2005-06-19
16745,2005-06-19
16747,2005-06-19
16819,1999-01-01
16820,1999-01-01
16821,1999-01-01
16822,1999-01-01
16895,2008-01-01
16994,2008-01-01
16995,2008-01-01
16997,2008-01-01
17462,2004-12-02
17491,2009-07-28
17496,2009-07-28
17499,2009-07-28
17500,2009-07-28
17588,2008-08-20
17884,2007-11-08
17906,2009-07-01
18031,2009-04-11
18032,2009-04-11
18033,2009-04-11
18034,2009-04-11
18037,2009-04-11
18038,2009-04-11
18039,2009-04-11
18043,2009-04-11
18044,2009-04-11
18124,2009-08-07
18144,1999-01-01
18145,1999-01-01
18146,1999-01-01
18159,2009-08-21
18197,2009-04-18
18350,2009-08-24
18607,2015-09-06
18611,2015-09-06
18876,2009-09-27
18877,2009-09-27
18887,2009-09-20
19073,2009-09-21
19074,2009-09-21
19179,1999-01-01
19184,1999-01-01
19187,1999-01-01
19412,2009-05-24
19413,2009-05-24
19415,2009-05-24
19416,2009-05-24
19417,2009-05-24
19418,2009-05-24
19420,2009-05-24
19422,2009-05-24
19423,2009-05-24
19425,2009-10-05
19438,2009-10-05
19439,2009-10-05
19441,2009-10-05
19442,2009-10-05
19459,2009-09-16
19673,2009-09-19
19674,2009-09-19
19685,2006-05-09
19689,2009-10-16
19707,2002-02-02
19708,2006-10-24
19758,2009-07-26
19759,2009-07-26
19760,2009-07-26
19889,2007-01-01
19890,2007-01-01
19891,2007-01-01
20050,2009-10-13
20296,2009-01-01
20361,2009-11-03
20362,2009-11-03
20364,2009-11-03
20365,2009-11-03
20366,2009-11-03
20369,2009-11-03
20372,2009-11-03
20373,2009-11-03
20374,2009-11-03
20375,2009-11-03
20376,2009-11-03
20432,2009-07-07
20704,2009-11-12
21085,2009-10-29
21087,2001-02-17
21167,2008-07-01
21400,2008-05-18
21401,2008-05-18
21402,2008-05-18
21403,2008-05-18
21404,2008-05-18
21409,2008-05-18
21422,2008-05-18
21565,2007-07-11
21587,2007-07-11
21657,2009-04-14
21707,2006-02-09
21842,2009-08-02
21859,2009-01-01
21860,2009-01-01
21891,2009-10-30
21895,2009-10-30
22088,2009-11-25
22091,2009-11-25
22093,2009-11-25
22094,2009-11-25
22095,2009-11-25
22097,2009-11-25
22150,2009-12-14
22295,2004-01-01
22296,2004-01-01
22315,2004-01-01
22348,2003-11-09
23037,2010-01-05
23039,2010-01-05
23041,2010-01-05
23172,2007-02-26
23353,2009-02-11
23505,2007-06-10
23862,2006-12-11
24362,2010-01-19
24363,2010-01-19
24364,2010-01-19
24365,2010-01-19
24366,2010-01-19
24367,2010-01-19
24368,2010-01-19
24369,2010-01-19
24370,2010-01-19
24371,2010-01-19
24842,2010-01-09
25104,2007-03-11
25124,2007-03-11
25324,2009-06-21
25378,2004-09-01
25601,2010-02-10
25603,2010-02-10
25605,2010-02-10
25606,2010-02-10
25608,2010-02-10
25609,2010-02-10
25668,2009-06-01
25669,2009-06-01
25670,2009-06-01
25795,2009-04-16
25796,2009-04-16
25797,2009-04-16
25802,2009-04-16
25804,2009-04-16
26007,2004-01-01
26008,2004-01-01
26010,2004-01-01
26011,2004-01-01
26012,2004-01-01
26013,2004-01-01
26014,2004-01-01
26016,2004-01-01
26017,2004-01-01
26020,2004-01-01
26021,2004-01-01
26022,2004-01-01
26025,2004-01-01
26026,2004-01-01
26322,2009-10-06
26583,2010-03-05
26600,2010-03-05
26605,2010-03-05
26629,2006-06-30
26638,2009-01-01
26639,2009-01-01
26640,2009-01-01
26641,2009-01-01
26642,2009-01-01
26643,2009-01-01
26674,2004-11-02
26681,2004-11-02
26859,2003-01-01
26861,2003-01-01
26902,2007-06-29
26904,2007-06-29
26905,2008-02-06
26906,2007-06-29
27258,2001-03-13
27454,2009-06-22
27455,2009-06-22
27456,2009-06-22
27547,2010-03-11
27548,2010-03-11
27549,2010-03-11
27550,2010-03-11
27551,2010-03-11
27552,2010-03-11
27609,2007-06-10
27610,2007-06-10
27611,2007-06-10
27612,2007-06-10
27613,2007-06-10
27797,2010-03-30
27798,2010-03-30
27799,2010-03-30
27802,2010-03-30
27803,2010-03-30
27804,2010-03-30
27805,2010-03-30
27855,1997-04-15
27856,1999-01-01
27945,2010-03-14
27953,2010-03-14
27975,2005-11-13
27978,2005-11-13
27981,2005-11-13
27987,2009-04-26
28070,2010-04-06
28072,2010-04-06
28241,2008-08-10
28571,2009-12-07
28802,2009-09-01
29271,2010-04-27
29272,2010-04-27
29465,2010-05-03
29587,2009-07-10
29673,2010-03-23
29718,2010-03-27
29719,2010-03-27
29720,2010-03-27
29721,2010-03-27
29738,2008-07-01
29739,2008-07-01
29740,2008-07-01
29741,2008-07-01
29742,2008-07-01
29744,2008-07-01
29745,2008-07-01
29746,2008-07-01
29747,2008-07-01
29750,2008-07-01
29752,2008-07-01
29807,2010-05-04
29813,2010-05-04
29961,2009-11-01
29971,2006-07-14
30041,2009-04-27
30043,2009-04-27
30090,2010-05-15
30095,2010-05-15
30120,2010-05-16
30196,2006-04-10
30198,2006-04-10
30230,2010-01-05
30486,2010-04-20
30487,2010-04-20
30488,2010-04-20
30682,2010-05-15
30690,2010-05-31
30702,2010-05-31
30895,2010-04-25
31165,2003-01-01
31356,2010-04-13
31568,2010-02-21
31807,2010-06-22
31887,2010-05-22
31888,2010-05-22
31889,2010-05-22
31999,2008-11-07
32001,2008-11-07
32021,2010-06-23
32218,2010-06-01
32433,2010-02-08
32435,2010-02-08
32437,2010-02-08
32438,2010-02-08
32439,2010-02-08
32525,2010-07-01
32755,2010-07-06
32756,2010-07-06
32759,2010-07-06
32760,2010-07-06
32800,2010-07-01
32882,2009-01-21
33049,2010-07-22
33050,2010-07-22
33067,2010-07-24
33068,2010-07-24
33069,2010-07-24
33070,2010-07-24
33071,2010-07-24
33072,2010-07-24
33123,2010-07-14
33124,2010-06-07
33203,2010-03-15
33216,2010-03-22
33221,2010-03-22
33278,2010-07-19
33446,2010-07-01
33992,2010-08-04
34003,2010-08-12
34167,2010-08-13
34257,2010-08-09
34258,2010-08-09
34263,2010-08-09
34484,2010-08-21
34511,2010-08-23
34994,2010-08-31
34996,2010-08-31
35007,2010-08-31
35008,2010-08-31
35182,2010-08-17
35184,2010-08-17
35198,2010-08-09
35199,2010-08-09
35204,2010-08-09
35296,2010-09-03
35299,2010-08-27
35443,2010-09-13
35444,2008-09-16
35527,2008-08-30
35534,2008-08-30
35535,2008-08-30
35537,2008-08-30
35539,2008-08-30
35541,2008-08-30
35543,2008-08-30
35544,2010-08-31
35545,2010-08-31
35549,2010-08-31
35550,2010-08-31
35569,2010-09-15
35571,2010-08-10
36272,2010-09-24
36273,2010-09-24
36275,2010-09-24
36277,2010-09-24
36322,2010-09-26
36333,2010-09-26
36371,2010-09-06
36380,2010-09-06
36388,2009-11-01
36428,2010-05-31
36435,2010-05-31
36481,2010-01-01
36526,2010-09-04
36567,2010-10-01
36659,2010-10-04
36799,2010-09-23
36959,2010-09-14
36961,2010-09-14
36965,2010-09-14
36966,2010-09-14
36999,2010-09-24
37324,2010-10-01
37325,2010-10-01
37368,2010-10-11
37369,2010-10-11
37725,2010-10-21
37727,2010-10-21
37730,2010-10-21
37731,2010-10-21
37779,2008-11-01
37781,2008-11-01
37784,2008-11-01
37859,2010-10-24
37920,2009-10-17
38312,2010-11-01
38351,2010-10-31
38352,2010-10-31
38353,2010-10-31
38354,2010-10-31
38365,2010-10-31
38399,2001-01-01
38435,2010-11-01
38450,2005-01-01
38557,2006-01-01
38560,2006-01-01
38775,1997-06-01
38776,1997-06-01
38777,1997-06-01
38778,1997-06-01
38779,1997-06-01
38780,1997-06-01
38781,1997-06-01
38782,1997-06-01
38783,1997-06-01
38784,1997-06-01
38785,1997-06-01
38817,2010-11-07
38818,2010-11-07
38819,2010-11-07
38820,2010-11-07
38821,2010-11-07
38822,2010-11-07
38823,2010-11-07
38824,2010-11-07
38825,2010-11-07
38826,2010-11-07
38827,2010-11-07
38828,2010-11-07
38829,2010-11-07
38830,2010-11-07
38847,2010-11-07
38859,2010-11-07
38878,2010-11-08
38879,2010-11-08
38880,2010-11-08
38881,2010-11-08
38882,2010-11-08
38884,2010-11-08
38886,2010-11-08
38887,2010-11-08
38888,2010-11-08
38890,2010-11-08
38891,2010-11-08
38892,2010-11-08
38893,2010-11-08
38894,2010-11-08
38895,2010-11-08
38896,2010-11-08
38898,2010-11-08
38899,2010-11-08
38900,2010-11-08
38901,2010-11-08
38902,2010-11-08
38904,2010-11-08
38905,2010-11-08
38906,2010-11-08
38907,2010-11-08
38908,2010-11-08
38910,2010-11-08
38911,2010-11-08
38912,2010-11-08
38914,2010-11-08
38955,2010-11-02
38961,2010-11-02
39188,2010-11-14
39259,2010-11-14
39278,2010-11-14
39298,2002-01-01
39316,2010-09-15
39317,2010-09-15
39318,2010-09-15
39357,2006-01-01
39359,2006-07-02
39378,2010-11-14
39484,2010-11-14
39530,2010-11-16
39875,2010-11-30
39900,2010-11-30
39904,2010-11-30
40121,2010-12-03
40122,2010-12-03
40123,2010-12-03
40133,1999-12-03
40134,1999-12-03
40180,2010-12-04
40182,2010-12-04
40229,2010-12-05
40230,2010-12-05
40231,2010-12-05
40232,2010-12-05
40233,2010-12-05
40234,2010-12-01
40235,2010-12-01
40236,2010-12-01
40237,2010-12-01
40238,2010-12-01
40239,2010-12-01
40240,2010-12-01
40241,2010-12-01
40242,2010-12-01
40243,2010-12-01
40244,2010-12-01
40245,2010-12-01
40525,2010-08-04
40598,2010-12-10
40842,2010-07-19
40843,2010-07-19
40844,2010-07-19
40845,2010-07-19
40903,2010-12-21
40938,2010-12-08
40940,2010-12-08
41018,2010-12-17
41019,2010-12-17
41020,2010-12-17
41095,2010-12-20
41381,2010-12-24
41568,2008-01-29
41570,2008-01-29
41573,2008-01-29
41605,2009-01-01
41709,2005-01-01
41714,2005-01-01
41812,2011-01-01
41819,2011-01-04
41820,2011-01-04
41825,2011-01-04
41961,2010-03-18
41962,2010-03-18
41965,2010-03-18
41971,2009-04-08
41983,2009-04-08
42014,2011-01-09
42016,2011-01-09
42017,2011-01-09
42018,2011-01-09
42019,2011-01-09
42020,2011-01-09
42023,2011-01-09
42025,2011-01-09
42029,2011-01-09
42030,2011-01-09
42031,2011-01-09
42040,2010-12-28
42044,2010-12-28
42045,2010-12-28
42046,2010-12-28
42048,2010-12-28
42234,2011-01-09
42235,2011-01-09
42236,2011-01-09
42238,2011-01-09
42240,2011-01-09
42241,2011-01-09
42243,2011-01-09
42245,2011-01-09
42247,2011-01-09
42310,2011-01-17
42372,2011-01-18
42373,2011-01-18
42374,2011-01-18
42375,2011-01-18
42376,2011-01-18
42377,2011-01-18
42442,1971-01-01
42648,2010-06-01
42659,2010-06-01
42751,2011-01-24
43063,2010-10-03
43172,2008-09-13
43173,2008-09-13
43516,2011-01-15
43517,2011-01-15
43518,2011-01-15
43519,2011-01-15
43520,2011-01-15
43521,2011-01-15
43533,2011-01-15
43534,2011-01-15
43535,2011-01-15
43536,2011-01-15
43585,2011-01-15
43586,2011-01-15
43587,2011-01-15
43588,2011-01-15
43589,2011-01-15
43590,2011-01-15
43691,2011-02-17
43695,2011-02-01
43696,2011-02-01
43697,2011-02-01
43698,2011-02-01
43699,2011-02-01
43773,2011-02-22
43883,2011-02-15
43886,2011-02-15
43962,2010-04-27
43965,2010-04-27
44092,2010-09-17
44110,2011-02-22
44169,2010-06-02
44236,2011-01-18
44342,2011-02-28
44347,2011-02-28
44354,2011-02-28
44355,2011-02-28
44777,2010-01-07
44778,2009-10-30
44779,2009-10-30
44780,2009-10-30
44781,2009-10-30
44782,2009-10-30
44805,2011-03-01
44806,2011-03-01
44809,2011-03-01
44820,2009-01-01
44821,2009-01-01
44822,2009-01-01
44823,2009-01-01
44848,2010-01-01
44849,2010-01-01
44850,2010-01-01
44851,2010-01-01
44853,2010-01-01
44854,2010-01-01
44917,2011-03-03
44918,2011-03-03
44946,2011-06-21
44947,2003-12-21
44948,2003-12-21
44949,2003-12-21
44950,2003-12-21
44951,2003-12-21
44952,2003-12-21
45055,2011-02-23
45099,2011-03-07
45100,2011-03-07
45101,2011-03-07
45102,2011-03-07
45103,2011-03-07
45150,2011-03-10
45151,2011-03-10
45152,2011-03-10
45153,2011-03-10
45154,2011-03-10
45335,2011-03-14
45387,2010-10-20
45388,2010-10-20
45389,2010-10-20
45390,2010-10-20
45391,2010-10-20
45392,2010-10-20
45393,2010-10-20
45513,2011-03-21
45514,2011-03-21
45515,2011-03-21
45516,2011-03-21
45517,2011-03-21
45518,2011-03-21
45519,2011-03-21
45520,2011-03-21
45521,2011-03-21
45522,2011-03-21
45523,2011-03-21
45934,2011-03-28
45941,2011-03-28
46024,2011-03-21
46043,2011-03-28
46058,2011-03-28
46068,2011-03-28
46078,2010-11-19
46079,2010-11-19
46157,2011-03-21
46158,2011-03-21
46159,2011-03-21
46160,2011-03-21
46238,2004-04-30
46241,2004-04-30
46525,2010-01-14
46611,2011-04-11
46726,2011-03-22
46732,2011-03-22
46733,2011-03-22
46736,2011-03-22
46846,2007-01-17
46854,2007-01-17
46855,2007-01-17
47032,2011-04-15
47068,2005-10-28
47069,2005-10-28
47070,2005-10-28
47071,2005-10-28
47072,2005-10-28
47073,2005-10-28
47074,2005-10-28
47075,2005-10-28
47076,2005-10-28
47077,2005-10-28
47260,2011-04-25
47471,2011-04-26
47506,2011-05-02
47510,2010-01-01
47526,2011-04-23
47628,2011-05-07
47657,2011-05-09
47658,2011-05-09
47659,2011-05-09
47660,2011-05-09
47665,2011-05-09
47666,2011-05-09
47670,2012-08-03
47671,2012-08-03
47707,2011-04-26
47826,2011-05-16
47835,2011-05-16
47865,2011-05-13
47868,2011-05-13
47894,2011-04-12
47895,2011-04-12
47896,2011-04-12
47897,2011-04-12
47916,2011-05-19
47921,2011-05-19
48015,2011-05-21
48042,2011-05-24
48043,2011-05-24
48044,2011-05-24
48046,2011-05-24
48269,2011-05-30
48293,2011-05-31
48307,2011-05-31
48317,2011-05-31
48437,2011-05-18
48439,2011-05-18
48440,2011-05-18
48442,2011-05-18
48443,2011-05-18
48462,2011-06-05
48463,2011-06-05
48464,2011-06-05
48465,2011-06-05
48466,2011-06-05
48488,2010-01-01
48489,2010-01-01
48491,2010-01-01
48492,2010-01-01
48493,2010-01-01
48494,2010-01-01
48763,2011-06-09
48861,2005-01-01
48862,2005-01-01
48863,2005-01-01
48864,2005-01-01
48865,2005-01-01
48931,2001-04-01
48999,2011-06-13
49029,2011-06-13
49030,2011-06-13
49039,2012-08-03
49061,2007-04-01
49062,2007-04-01
49064,2007-04-01
49066,2007-03-26
49067,2007-03-26
49068,2007-03-26
49070,2007-03-26
49071,2007-03-26
49072,2007-03-26
49073,2007-03-26
49407,2005-04-01
49441,2011-06-21
49473,2011-05-31
49476,2011-05-31
49477,2011-05-31
49478,2011-05-31
49479,2011-05-31
49812,2011-06-22
49817,2011-06-22
49842,2011-03-08
49843,2011-03-08
49844,2011-03-08
49845,2011-03-08
49846,2011-03-08
49847,2011-03-08
49848,2011-03-08
49849,2011-03-08
49856,2011-03-08
49857,2011-03-08
50264,2010-09-07
50272,2010-09-07
50444,2011-07-05
50445,2011-07-05
50446,2011-07-05
50447,2011-07-05
50448,2011-07-05
50449,2011-07-05
50539,2011-05-07
50543,2011-05-07
50752,2009-05-06
50753,2009-05-06
50754,2009-05-06
51111,2011-07-14
51112,2011-07-14
51113,2011-07-14
51114,2011-07-14
51115,2011-07-14
51117,2011-07-14
51118,2011-07-14
51120,2009-12-25
51157,2011-06-01
51158,2011-06-01
51260,2011-07-11
51261,2011-07-11
51262,2011-07-11
51263,2011-07-11
51265,2011-07-11
51267,2011-07-11
51268,2011-07-11
51269,2011-07-11
51271,2011-07-11
51272,2011-07-11
51273,2011-07-11
51274,2011-07-11
51275,2011-07-11
51276,2011-07-11
51278,2011-07-22
51291,2011-07-22
51292,2011-07-22
51301,2011-07-24
51305,2011-07-24
51333,2011-04-11
51479,2005-04-22
51655,2011-07-25
51659,2011-07-25
51661,2011-07-25
51918,2011-07-11
51919,2011-07-11
51923,2011-08-01
51991,2011-07-25
51992,2011-07-25
51998,2011-07-25
51999,2011-07-25
52000,2011-07-25
52001,2011-07-25
52118,2011-08-03
52119,2011-08-03
52120,2011-08-03
52121,2011-08-03
52122,2011-08-03
52123,2011-08-03
52124,2011-08-03
52125,2011-08-03
52126,2011-08-03
52127,2011-08-03
52128,2011-08-03
52129,2011-08-03
52409,2011-08-11
52500,2011-08-15
52501,2011-08-15
52502,2011-08-15
52508,2011-08-15
52579,2011-08-09
52945,2011-08-23
52946,2011-08-23
52947,2011-08-23
52948,2011-08-23
52950,2011-08-23
52951,2011-08-23
52953,2011-08-23
52954,2011-08-23
52955,2011-08-23
53152,2011-08-29
53154,2011-08-29
53156,2011-08-29
53157,2011-08-29
53158,2011-08-29
53159,2011-08-29
53160,2011-08-29
53228,2011-08-29
53229,2011-08-29
53299,2011-02-07
53300,2011-02-07
53301,2011-02-07
53302,2011-02-07
53457,2011-09-06
53576,2011-08-31
53578,2011-08-31
53586,2011-07-01
53587,2011-07-01
53588,2011-07-01
53589,2011-07-01
53591,2011-09-05
53592,2011-09-05
53729,2011-09-15
53807,2011-10-11
53862,2011-05-24
53863,2011-05-24
54031,2011-09-21
54032,2011-09-21
54033,2011-09-21
54034,2011-09-21
54037,2011-09-21
54039,2011-09-21
54061,2011-09-05
54062,2011-09-05
54063,2011-09-05
54064,2011-09-05
54234,2011-09-04
54235,2011-09-04
54236,2011-09-04
54237,2011-09-04
54297,2011-09-27
54335,2011-09-26
54365,2011-09-19
54376,2011-09-19
54433,2011-08-04
54436,2011-08-04
54437,2011-08-04
54438,2011-08-04
54442,2011-08-04
54443,2011-08-04
54463,2011-08-25
54464,2011-08-25
54465,2011-08-25
54466,2011-08-25
54467,2011-08-25
54468,2011-08-25
54469,2011-08-25
54470,2011-08-25
54475,2011-09-28
54476,2011-09-28
54479,2011-09-28
54480,2011-09-28
54481,2011-09-28
54482,2011-09-28
54554,2011-10-05
54664,2011-10-10
54665,2011-10-10
54666,2011-10-10
54667,2011-10-10
54703,2011-09-25
54719,2011-09-27
54735,2011-10-01
54753,2011-10-11
54874,2011-10-17
55076,2009-09-01
55149,2009-01-13
55231,2011-10-24
55232,2011-10-24
55233,2011-10-24
55234,2011-10-24
55235,2011-10-24
55236,2011-10-24
55237,2011-10-24
55238,2011-10-24
55240,2011-10-24
55241,2011-10-24
55242,2011-10-24
55402,2011-10-09
55430,2011-10-03
55436,2011-10-03
55437,2011-10-03
55572,2011-10-25
55709,2010-02-11
55710,2010-02-11
55711,2010-02-11
55712,2010-02-11
55713,2010-02-11
55714,2010-02-11
55715,2010-02-11
55716,2010-02-11
55717,2010-02-11
55718,2010-02-11
55719,2010-02-11
55826,2011-08-06
55827,2011-08-06
55828,2011-08-06
55830,2011-08-06
55831,2011-08-06
55832,2011-08-06
55833,2011-08-06
56028,2011-11-05
56029,2011-11-05
56030,2011-10-24
56034,2011-02-18
56036,2011-02-18
56247,2011-10-17
56248,2011-10-17
56249,2011-10-17
56460,2011-11-16
56465,2011-11-14
56466,2011-11-14
56467,2011-11-14
56468,2011-11-14
56469,2011-11-14
56470,2011-11-14
56471,2011-11-14
56472,2011-11-14
56474,2011-11-14
56493,2010-04-20
56495,2010-04-20
56496,2010-04-20
56497,2010-04-20
56498,2010-04-20
56499,2010-04-20
56516,2009-01-07
56517,2009-01-07
56518,2009-01-07
56519,2009-01-07
56520,2009-01-07
56521,2009-01-07
56523,2011-10-16
56639,2011-11-08
56640,2011-11-08
56641,2011-11-08
56645,2011-11-10
56646,2011-11-10
56648,2011-11-10
56649,2011-11-10
56650,2011-11-10
56651,2011-11-10
56686,2011-11-24
56687,2011-11-24
56688,2011-11-24
56689,2011-11-24
56690,2011-11-24
56691,2011-11-24
56692,2011-11-24
56693,2011-11-24
56694,2011-11-24
56695,2011-11-24
56696,2011-11-24
56874,2011-11-28
56895,2011-01-03
56929,2011-11-01
57078,2011-11-29
57178,2011-11-19
57179,2011-11-19
57180,2011-11-19
57344,2011-12-09
57360,2011-12-09
57371,2010-03-06
57417,2011-12-10
57418,2011-09-19
57440,2006-06-06
57442,2006-06-06
57500,2011-11-12
57540,2011-12-05
57569,2011-12-01
57626,2011-09-12
57627,2011-09-12
57628,2011-09-12
57629,2011-09-12
57630,2011-09-12
57639,2011-12-12
57640,2011-12-12
57648,2011-12-12
57658,2011-10-23
57661,2011-10-23
57662,2011-10-23
57663,2011-10-23
57665,2011-11-11
57691,2011-11-11
57697,2011-11-11
57936,2009-12-25
57937,2009-12-25
57938,2009-12-25
57968,2011-12-13
58052,2000-04-01
58053,2000-04-01
58054,2000-04-01
58060,1998-02-14
58061,1998-02-14
58063,1998-02-14
58068,2011-12-27
58070,2011-12-27
58135,2010-03-15
58140,2010-03-15
58207,2011-12-31
58212,2011-12-31
58213,2011-12-31
58215,2011-12-31
58221,2011-12-31
58333,2012-06-15
58334,2012-06-15
58341,2011-12-31
58474,2012-01-07
59078,2008-09-27
59373,2012-01-17
59374,2012-01-17
59561,1982-11-21
59562,1979-01-01
59581,2011-10-22
60037,2006-01-01
60038,2006-01-01
60041,2006-01-01
60042,2006-01-01
60045,2006-01-01
60048,2006-01-01
60143,2012-01-14
60144,2012-01-14
60145,2012-01-14
60146,2012-01-14
60317,2002-07-04
60331,2003-06-11
60472,2011-12-30
60474,2011-12-30
60476,2011-12-30
60477,2011-12-30
60478,2011-12-30
60510,2012-01-17
60533,2012-01-14
60534,2012-01-14
60535,2012-01-14
60536,2012-01-14
60537,2012-01-14
60544,2012-01-14
60547,2012-01-14
60548,2012-01-14
60549,2012-01-14
60753,2012-01-14
60754,2012-01-14
60755,2012-01-14
60756,2012-01-14
60757,2012-01-14
60758,2012-01-14
60775,2012-01-14
60776,2012-01-14
60777,2012-01-14
60994,2012-02-28
61587,2012-03-01
61589,2012-03-01
61591,2012-03-01
61592,2012-03-01
61668,2012-02-03
61670,2012-02-03
61679,2012-02-03
61734,2003-03-01
61736,2003-03-01
61742,2003-03-01
61884,2012-02-22
62001,2012-03-09
62003,1996-10-30
62005,1996-10-30
62007,1996-10-30
62163,2012-03-13
62164,2012-03-13
62165,2012-03-13
62655,1993-08-23
63043,2012-03-30
63044,2012-03-30
63045,2012-03-30
63064,2012-02-16
63065,2012-02-16
63149,2012-02-29
63159,2012-02-29
63161,2012-02-29
63191,2012-04-01
63224,2011-02-02
63226,2011-02-02
63250,2012-04-05
63251,2012-04-05
63252,2012-04-05
63253,2012-04-05
63255,2012-04-05
63257,2012-04-05
63258,2012-04-05
63287,1997-04-25
63289,1997-04-25
63290,1997-04-25
63291,1997-04-25
63292,1997-04-25
63456,2012-04-05
63457,2012-04-05
63470,2012-02-12
63471,2012-02-12
63472,2012-02-12
63626,2005-05-27
63733,2012-02-22
63747,2012-02-22
63755,2012-02-02
63757,2012-02-02
63770,2012-02-02
63789,2012-02-02
63803,2012-04-13
63804,2012-04-13
63805,2012-04-13
63874,2012-03-21
63900,2012-04-10
63908,2012-04-17
63936,2012-04-22
63999,2012-04-25
64005,2012-04-25
64006,2012-04-25
64007,2012-04-25
64008,2012-04-25
64009,2012-04-25
64035,2012-04-21
64078,2012-04-15
64091,2011-01-19
64247,2012-04-06
64248,2012-04-06
64249,2012-04-06
64252,2012-04-06
64253,2012-04-06
64331,2012-05-04
64332,2012-05-04
64333,2012-05-04
64334,2012-05-04
64338,2012-05-04
64364,2011-04-29
64365,2011-04-29
64366,2011-04-29
64407,2012-05-05
64408,2012-05-05
64409,2012-05-05
64410,2012-05-05
64515,2011-06-25
64516,2011-06-25
64517,2011-06-25
64519,2011-06-25
64520,2011-06-25
64521,2010-12-22
64522,2010-12-22
64523,2010-12-22
64535,2012-04-23
64536,2012-04-23
64537,2012-04-23
64538,2012-04-23
64542,2012-04-27
64553,2012-05-09
64556,2012-05-09
64567,2012-06-12
64590,2012-01-03
64591,2012-01-03
64592,2012-01-03
64593,2012-01-03
64625,2012-03-19
64626,2012-03-19
64627,2012-03-19
64628,2012-03-19
64629,2012-03-19
64630,2012-03-19
64631,2012-03-19
64659,2011-04-05
64789,2012-03-26
64796,2011-10-16
64834,2012-05-16
64840,2012-05-16
64841,2012-05-16
64893,2012-05-12
64895,2011-11-16
64896,2011-11-16
64918,1980-11-01
64919,1980-11-01
64988,2012-02-27
64989,2012-02-27
64990,2012-02-27
64991,2012-02-27
64992,2012-02-27
64993,2012-02-27
64994,2012-02-27
64995,2012-02-27
65063,2012-05-19
65064,2012-05-19
65073,2011-11-01
65090,2012-05-26
65234,2012-05-12
65488,2012-05-29
65745,2012-05-25
65752,2012-05-25
65755,2012-05-25
65756,2012-05-25
65780,2009-01-01
65893,2002-12-16
66058,2012-05-30
66073,2012-06-04
66074,2012-06-04
66075,2012-06-04
66076,2012-06-04
66390,1999-05-12
66394,2012-05-17
66405,2012-05-17
66469,2012-06-16
66482,2012-06-16
66483,2012-06-16
66525,2001-05-07
66534,2012-03-27
66535,2012-03-27
66536,2012-03-27
66537,2012-03-27
66538,2012-03-27
66539,2012-03-27
66636,2012-06-18
66637,2012-06-18
66638,2012-06-18
66641,2012-06-03
66643,2012-06-03
66644,2012-06-03
66646,2012-06-03
66648,2012-06-03
66649,2012-06-03
66650,2012-06-03
66689,2011-07-25
66690,2011-07-25
66717,2006-03-02
66757,2004-04-02
66782,2012-06-11
66783,2012-06-11
67007,2012-06-25
67010,2012-06-25
67011,2012-06-19
67016,2012-06-19
67017,2012-06-19
67121,2010-08-08
67163,2012-06-29
67232,2012-07-03
67233,2012-07-03
67235,2012-07-03
67330,2009-08-01
67331,2009-08-01
67332,2009-08-01
67333,2009-08-01
67334,2009-08-01
67336,2009-08-01
67357,2007-08-14
67358,2007-08-14
67359,2007-08-14
67360,2007-08-14
67361,2007-08-14
67362,2007-08-14
67363,2007-08-14
67364,2007-08-14
67365,2007-08-14
67366,2007-08-14
67367,2007-08-14
67368,2007-08-14
67412,1982-07-05
67457,2004-02-01
67500,2012-06-01
67553,2012-07-09
67556,2012-07-23
67557,2012-07-23
67558,2012-07-23
67597,2012-07-09
67598,2012-07-09
67600,2012-07-09
67637,2012-07-01
67638,2012-07-01
67639,2012-07-01
67640,2012-07-01
67660,2012-07-15
67661,2012-07-15
67673,2012-07-17
67707,2012-07-16
67763,2012-07-07
67764,2012-07-07
67765,2012-07-07
67766,2012-07-07
67784,2012-07-17
67793,2012-07-17
68353,2012-07-16
68354,2012-07-16
68355,2012-07-16
68356,2012-07-16
68531,2012-07-25
68680,2012-08-06
68682,2012-08-06
68683,2012-08-06
68820,2012-08-09
68821,2012-08-09
68851,1968-01-17
68852,1968-01-17
68853,1968-01-17
68854,1968-01-17
68860,1968-01-17
68861,1968-01-17
68862,1968-01-17
68909,2012-08-14
69170,2011-08-30
69193,2012-08-23
69194,2012-08-23
69195,2012-08-23
69196,2012-08-23
69197,2012-08-23
69198,2012-08-23
69199,2012-08-23
69200,2012-08-23
69201,2012-08-23
69202,2012-08-23
69203,2012-08-23
69204,2012-08-23
69205,2012-08-23
69206,2012-08-23
69207,2012-08-23
69208,2012-08-23
69209,2012-08-23
69210,2012-08-23
69211,2012-08-23
69303,2012-08-27
69554,2011-05-19
69555,2011-05-19
69561,2011-05-19
69563,2011-05-19
69564,2011-05-19
69682,2012-09-19
69732,2012-05-28
69761,2012-09-08
69762,2012-09-08
69763,2012-09-08
69764,2012-09-08
69765,2012-09-08
69766,2012-09-08
69767,2012-09-08
69768,2012-09-08
69784,2012-09-01
69785,2012-09-01
69787,2012-09-01
69788,2012-09-01
69789,2012-09-01
69791,2012-09-01
69792,2012-09-01
69793,2012-09-01
69798,2012-09-01
69830,2012-07-31
69833,2012-07-31
69904,2012-08-27
69947,2012-09-08
69949,2012-09-08
69985,2012-09-15
70174,2012-09-11
70206,2012-09-09
70207,2012-09-09
70208,2012-09-09
70299,2012-05-15
70300,2012-05-15
70301,2012-05-15
70302,2012-05-15
70303,2012-05-15
70423,2012-09-24
70424,2012-09-24
70425,2012-09-24
70426,2012-09-24
70654,2012-10-02
70655,2012-10-02
70657,2012-10-02
70660,2012-10-02
70873,2012-10-10
70875,2012-10-10
70878,2012-10-10
70879,2012-10-10
71096,2012-10-09
71157,2012-10-16
71158,2012-10-16
71172,2012-09-27
71173,2012-09-27
71174,2012-09-27
71175,2012-09-27
71216,2011-08-10
71225,2009-11-07
71228,2009-11-07
71230,2009-11-07
71231,2009-11-07
71240,2012-09-30
71241,2012-09-30
71242,2012-09-30
71243,2012-09-30
71244,2012-09-30
71245,2012-09-30
71246,2012-09-30
71247,2012-09-30
71248,2012-09-30
71249,2012-09-30
71250,2012-09-30
71251,2012-09-30
71252,2012-09-30
71253,2012-09-30
71254,2012-09-30
71255,2012-09-30
71420,2010-11-01
71690,2012-10-23
71691,2012-10-23
71692,2012-10-23
71693,2012-10-23
71694,2012-10-23
71695,2012-10-23
72067,2012-06-27
72068,2012-06-27
72069,2012-06-27
72070,2012-06-27
72071,2012-06-27
72072,2012-06-27
72073,2012-06-27
72074,2012-06-27
72075,2012-06-27
72076,2012-06-27
72129,2012-10-31
72130,2012-10-31
72131,2012-10-31
72134,2012-10-31
72135,2012-10-31
72136,2012-10-31
72146,2012-04-01
72149,2012-04-01
72206,2012-10-26
72210,2012-10-26
72215,2012-10-26
72287,2012-10-22
72288,2012-10-22
72289,2012-10-22
72290,2012-10-22
72456,2012-11-09
72468,2012-11-09
72476,2012-11-09
72477,2012-11-09
72513,2006-08-14
72514,2006-08-14
72604,2012-11-19
72926,2012-11-23
72927,2012-11-23
72928,2012-11-23
72930,2012-11-23
73123,2012-11-27
73124,2012-11-27
73125,2012-11-27
73192,2012-11-21
73193,2012-11-21
73306,2012-11-28
73309,2012-11-28
73318,2012-11-14
73335,2012-12-01
73340,2012-12-01
73341,2012-12-01
73342,2012-12-01
73343,2012-12-01
73344,2012-12-01
73363,2012-12-03
73365,2012-12-03
73366,2012-12-03
73367,2012-12-03
73368,2012-12-03
73369,2012-12-03
73370,2012-12-03
73371,2012-12-03
73372,2012-12-03
73465,2012-12-04
73466,2012-12-04
73467,2012-12-04
73468,2012-12-04
73469,2012-12-04
73486,2012-10-10
73494,2012-09-16
73495,2013-04-18
73519,2012-11-28
73520,2012-11-28
73521,2012-11-28
73522,2012-11-28
73550,2012-12-07
73551,2012-12-07
73560,2012-12-07
73561,2012-12-07
73564,2012-12-07
73565,2012-12-07
73566,2010-04-27
73568,2010-04-27
73572,2010-04-27
73573,2010-04-27
73580,2010-04-27
73584,2010-04-27
73585,2010-04-27
73587,2010-04-27
73658,2012-12-11
73675,2012-12-11
73797,2012-12-11
73819,2012-12-12
73820,2012-12-12
73821,2012-12-12
73822,2012-12-12
74002,2012-03-13
74347,2010-10-17
74348,2012-05-16
74362,2011-04-06
74365,2011-04-06
74370,2012-12-25
74371,2012-12-25
74372,2012-12-25
74373,2012-12-25
74374,2012-12-25
74375,2012-12-25
74376,2012-12-25
74377,2012-12-25
74378,2012-12-25
74380,2012-12-25
74381,2012-12-25
74382,2012-12-25
74383,2012-12-25
74384,2012-12-25
74385,2012-12-25
74386,2012-12-25
74387,2012-12-25
74388,2012-12-25
74389,2012-12-25
74390,2012-12-25
74391,2012-12-25
74392,2012-12-25
74393,2012-12-25
74421,2012-11-05
74445,2012-11-05
74669,2012-12-29
74671,2012-12-29
74937,2012-12-21
74945,2012-12-21
74954,2013-01-01
74955,2013-01-01
74959,2012-08-24
74960,2012-08-24
75221,2006-08-09
75230,2004-11-10
75371,2012-12-12
75372,2012-12-12
75373,2012-12-12
75374,2012-12-12
75375,2012-12-12
75376,2012-12-12
75377,2012-12-12
75378,2012-12-12
75379,2012-12-12
75380,2012-12-12
75381,2012-12-12
75383,2010-01-28
75386,2010-01-28
75389,2010-01-28
75390,2010-01-28
75391,2010-01-28
75393,2010-01-28
75395,2010-01-28
75396,2010-01-28
75398,2010-01-28
75399,2010-01-28
75401,2010-01-28
75403,2010-01-28
75412,2011-11-11
75415,2011-11-11
75417,2011-11-11
75418,2011-11-11
75419,2011-11-11
75420,2011-11-11
75425,2011-11-11
75427,2011-11-11
75428,2011-11-11
75429,2008-06-24
75430,2008-06-24
75431,2008-06-24
75432,2008-06-24
75433,2008-06-24
75434,2008-06-24
75435,2008-06-24
75436,2008-06-24
75437,2008-06-24
75438,2008-06-24
75439,2008-06-24
75440,2008-06-24
75441,2008-06-24
75442,2008-06-24
75443,2008-06-24
75607,2013-01-07
75612,2013-01-07
75692,2012-09-25
75745,2007-01-08
75746,2007-01-08
75747,2007-01-08
75748,2007-01-08
75749,2007-01-08
75750,2007-01-08
75751,2007-01-08
75752,2007-01-08
75754,2007-01-08
75755,2007-01-08
75762,2012-08-15
75763,2012-08-15
75764,2012-08-15
75925,2013-01-11
75926,2013-01-11
75927,2013-01-11
75928,2013-01-11
75929,2013-01-11
75930,2013-01-11
75931,2013-01-11
75932,2013-01-11
75933,2013-01-11
75935,2013-01-11
75936,2013-01-11
75937,2013-01-11
76069,2012-12-24
76071,2012-12-24
76072,2012-12-24
76073,2012-12-24
76074,2012-12-24
76075,2012-12-24
76076,2012-12-24
76077,2012-12-24
76078,2012-12-24
76079,2012-12-24
76128,2012-12-04
76129,2012-12-04
76130,2012-12-04
76131,2012-12-04
76375,2011-08-10
76381,2011-08-10
76437,2013-01-07
76440,2013-01-07
76654,2012-12-05
76659,2012-12-05
77517,2013-02-07
77519,2013-02-07
77521,2013-02-07
77522,2013-02-07
77523,2013-02-07
77564,2013-01-25
77571,2013-01-25
77572,2013-01-25
77952,2013-02-14
78038,2013-01-14
78156,2013-02-15
78833,2011-01-31
78834,2011-01-31
78839,2011-01-31
78841,2011-01-31
78843,2013-01-31
78845,2013-01-31
78847,2013-01-31
78848,2013-01-31
78849,2013-01-31
78850,2013-01-31
78851,2013-01-31
78852,2013-01-31
79087,2013-02-23
79575,2013-02-28
79593,2013-01-30
79605,2011-11-24
79606,2011-11-24
79741,2013-02-23
79985,2010-10-01
79986,2010-10-01
79988,2010-10-01
79990,2010-10-01
79995,2010-10-01
80000,2012-12-12
80001,2012-12-12
80002,2012-12-12
80003,2012-12-12
80004,2012-12-12
80005,2012-12-12
80035,2011-12-20
80293,2012-04-01
80751,2013-01-12
80753,2013-01-12
80754,2013-01-12
80755,2013-01-12
80756,2013-01-12
80772,2013-01-12
80773,2013-01-12
80774,2013-01-12
80775,2013-01-12
80776,2013-01-12
80793,2011-08-06
80833,2013-03-24
80834,2013-03-24
80835,2013-03-24
80836,2013-03-24
81189,2013-03-10
81436,2013-04-03
81457,2013-04-03
81485,2013-04-07
81491,2013-04-09
81512,2013-04-09
81523,2013-04-09
81565,2013-04-11
81576,2013-04-11
81638,2013-04-04
81650,2013-04-04
81660,2013-04-04
81781,2013-04-30
81782,2013-04-30
81792,2013-04-30
81802,2013-04-22
81803,2013-04-22
81868,2010-12-14
81938,2013-04-03
81945,2013-04-03
81946,2013-04-03
82157,2012-12-09
82231,2011-06-13
82237,2011-06-13
82242,2008-07-06
82250,2008-07-06
82462,1985-01-26
82464,1985-01-26
82505,2013-03-29
82507,2013-03-29
82628,2013-04-10
82629,2013-04-10
82630,2013-04-10
82631,2013-04-10
82778,2013-04-16
82780,2013-04-16
82881,2013-04-05
82886,2013-04-05
82890,2013-04-05
82892,2013-03-21
82893,2013-03-21
82914,2013-04-18
82915,2013-04-18
82916,2013-04-18
82917,2013-04-18
82918,2013-04-18
82919,2013-04-18
82920,2013-04-18
82921,2013-04-18
82928,2013-04-18
82929,2013-04-18
82930,2013-04-18
82931,2013-04-18
82932,2013-04-18
83437,2013-04-20
83438,2013-04-20
83439,2013-04-20
83440,2013-04-20
83507,2013-04-25
83509,2013-04-25
83511,2013-04-25
83512,2013-04-25
83558,2007-11-30
83600,2013-04-27
83612,2013-04-27
83613,2013-04-27
83789,2013-05-01
83790,2013-05-01
83791,2013-05-01
83898,2013-04-07
83903,2013-04-07
83906,2013-04-07
83908,2013-04-07
83911,2013-04-07
83913,2013-04-07
83954,2013-03-22
83960,2013-03-22
83969,2013-05-03
84054,2013-04-20
84055,2013-04-20
84056,2013-04-20
84057,2013-04-20
84058,2013-04-20
84091,2013-05-08
84095,2013-05-08
84096,2013-05-08
84097,2013-05-08
84111,2013-05-03
84154,2008-01-01
84155,2008-01-01
84156,2008-01-01
84157,2008-01-01
84158,2008-01-01
84159,2008-01-01
84195,2013-05-12
84198,2013-05-12
84200,2013-05-12
84201,2013-05-12
84202,2013-05-12
84264,2010-08-27
84290,2013-05-14
84291,2013-05-14
84405,2013-05-19
84417,2013-05-19
84423,2013-05-19
84483,2013-05-21
84484,2013-05-21
84485,2013-05-21
84486,2013-05-21
84743,2013-05-23
84757,2013-05-20
84768,2013-05-23
84777,2013-05-23
84788,2013-05-08
84817,2013-05-24
85027,2013-03-23
85038,2010-01-05
85039,2010-01-05
85040,2010-01-05
85041,2010-01-05
85290,2009-11-19
85291,2009-11-19
85307,2013-06-04
85308,2013-06-04
85309,2013-06-04
85310,2013-06-04
85311,2013-06-04
85317,2013-06-05
85318,2013-06-05
85343,2009-10-30
85346,2009-10-30
85347,2009-10-30
85400,2013-06-09
85419,2013-06-04
85420,2013-06-04
85421,2013-06-04
85422,2013-06-04
85423,2013-06-04
85424,2013-06-04
85425,2013-06-04
85426,2013-06-04
85427,2013-06-04
85428,2013-06-04
85436,2013-06-06
85438,2013-06-06
85494,2004-01-01
85592,2013-06-11
85593,2013-06-11
85594,2013-06-11
85595,2013-06-11
85596,2013-06-11
85598,2013-06-11
85599,2013-06-11
85600,2013-06-11
85691,2013-06-13
85692,2013-06-13
85693,2013-02-18
85816,2013-06-17
85817,2013-06-17
85822,2013-06-18
85823,2013-06-18
85828,2013-06-18
85831,2009-09-21
85832,2009-09-21
85833,2009-09-21
85834,2009-09-21
85835,2009-09-21
85836,2009-09-21
85837,2009-09-21
85838,2009-09-21
85839,2009-09-21
85840,2009-09-21
85950,2013-05-07
85951,2013-05-07
85952,2013-05-07
85953,2013-05-07
85954,2013-05-07
85955,2013-05-07
85956,2013-05-07
85957,2013-05-07
85963,2013-05-06
85966,2013-05-06
85967,2013-05-06
85968,2013-04-29
85973,2013-04-29
86037,2009-09-02
86038,2009-09-02
86039,2009-09-02
86040,2009-09-02
86116,2013-06-18
86117,2013-06-18
86118,2013-06-18
86119,2013-06-18
86140,2013-06-24
86256,2013-06-26
86259,2013-06-26
86262,2013-06-26
86263,2013-06-26
86415,2013-06-28
86416,2013-06-28
86441,2013-06-24
86443,2013-06-24
86481,2013-06-01
86482,2013-06-01
86483,2013-06-01
86484,2013-06-01
86485,2013-06-01
86486,2013-06-01
86487,2013-06-01
86562,2009-07-02
86623,2013-07-07
86634,2013-02-18
86678,2013-07-05
86679,2013-07-05
86680,2013-07-05
86761,2013-07-07
86762,2013-07-07
86763,2013-07-07
86788,2013-07-07
86793,2013-07-07
86795,2013-07-07
86799,2013-07-07
86993,2013-07-16
87068,2009-05-13
87069,2009-05-13
87070,2009-05-13
87096,2013-03-07
87097,2013-03-07
87098,2013-03-07
87099,2013-03-07
87100,2013-03-07
87101,2013-03-07
87102,2013-03-07
87103,2013-03-07
87104,2013-03-07
87105,2013-03-07
87106,2013-03-07
87107,2013-03-07
87108,2013-03-07
87121,2013-02-06
87151,2013-07-14
87152,2013-07-14
87153,2013-07-14
87154,2013-07-14
87155,2013-07-14
87157,2013-07-02
87158,2013-07-02
87159,2013-07-02
87160,2013-07-02
87161,2013-07-02
87185,2010-12-31
87186,2010-12-31
87187,2010-12-31
87188,2010-12-31
87189,2010-12-31
87190,2010-12-31
87191,2010-12-31
87192,2010-12-31
87193,2010-12-31
87194,2010-12-31
87237,2013-07-13
87322,2010-06-24
87323,2010-06-24
87324,2010-06-24
87325,2010-06-24
87361,1992-05-12
87362,1992-05-12
87363,1992-05-12
87377,2013-07-10
87490,2013-07-24
87639,2013-07-30
87641,2013-07-30
87642,2013-07-30
87643,2013-07-30
87644,2013-07-30
87645,2013-07-30
88428,2012-04-03
88429,2012-04-03
88485,2007-09-11
88486,2007-09-11
88899,2011-06-21
88900,2011-06-21
88959,2013-08-09
88960,2013-08-09
89178,2013-08-15
89179,2013-08-15
89192,2013-08-15
89195,2013-08-15
89196,2013-08-15
89212,2009-12-23
89350,1999-03-24
89376,2013-08-20
89441,1999-03-24
89445,2013-08-02
89447,2013-08-02
89456,2013-08-02
89473,2013-08-02
89474,2013-08-02
89477,2013-08-02
89482,2012-03-28
89484,2012-03-28
89485,2012-03-28
89486,2012-03-28
89639,2013-08-23
89814,2013-08-28
89815,2013-08-28
89816,2013-08-28
89817,2013-08-28
89841,2012-02-12
89843,2012-02-12
89846,2012-02-12
89847,2012-02-12
89848,2012-02-12
89857,2012-02-12
89859,2012-02-12
89860,2012-02-12
90027,2013-08-31
90074,2012-11-12
90278,2013-09-05
90526,2012-11-23
90527,2012-11-23
90529,2012-11-23
90530,2012-11-23
90570,2013-09-08
90579,2013-09-08
90582,2013-09-08
90583,2013-09-08
90587,2013-09-08
90589,2013-09-08
90590,2013-09-08
90591,2013-09-08
90592,2013-09-08
90616,2012-11-23
90617,2012-11-23
90618,2012-11-23
90639,2013-04-20
90652,2011-02-25
90695,2007-04-01
90804,2013-09-13
90824,2013-07-20
90826,2013-07-20
90828,2013-07-20
90982,2013-09-17
90987,2013-09-17
90993,2013-09-17
91081,2008-12-01
91082,2008-12-01
91083,2008-12-01
91084,2008-12-01
91085,2008-12-01
91086,2008-12-01
91087,2008-12-01
91088,2008-12-01
91089,2008-12-01
91092,2013-09-14
91093,2013-09-14
91098,2013-09-20
91102,2013-09-20
91130,2013-09-19
91157,2013-09-23
91158,2013-09-23
91159,2013-09-23
91160,2013-09-23
91161,2013-09-23
91162,2013-09-23
91163,2013-09-23
91164,2013-09-23
91170,2012-05-20
91205,2013-09-23
91228,2012-02-29
91238,2012-02-29
91306,2013-08-27
91309,2013-09-10
91312,2013-09-10
91315,2013-09-24
91317,2013-09-24
91318,2013-09-24
91319,2013-09-24
91329,2013-09-21
91349,2013-07-20
91443,2013-08-03
91455,2011-05-19
91458,2011-05-19
91459,2011-05-19
91468,2012-03-13
91471,2012-03-13
91788,2013-10-01
91790,2013-10-01
91791,2013-10-01
91793,2013-10-01
91796,2013-10-01
91797,2013-10-01
91851,2009-09-28
91894,2013-10-09
91897,2013-10-09
91899,2013-10-09
91900,2013-10-09
91933,2013-09-28
91934,2013-09-28
91936,2013-09-28
91937,2013-09-28
91938,2013-09-28
92275,2013-06-18
92282,2013-06-18
92283,2013-06-18
92284,2013-06-18
92366,2009-07-20
92466,2013-10-22
92508,2013-10-05
92535,2013-10-05
92536,2013-10-05
92538,2013-10-05
92539,2013-10-05
92540,2013-10-05
92546,2013-10-25
92548,2013-10-25
92549,2013-10-25
92551,2013-10-25
92554,2013-10-25
92556,2013-10-25
92561,2013-10-25
92562,2013-10-25
92564,2013-10-25
92565,2013-10-26
92573,2013-10-26
92574,2013-10-26
92868,2013-10-31
92872,2013-10-13
92873,2013-10-13
92874,2013-10-13
92878,2013-10-13
92881,2013-10-13
92885,2013-10-13
92886,2013-10-13
92887,2013-10-13
92888,2013-10-13
92889,2013-10-13
92947,2008-07-09
92948,2008-07-09
92949,2008-07-09
92950,2008-07-09
92951,2008-07-09
92952,2008-07-09
92953,2008-07-09
92954,2008-07-09
92955,2008-07-09
93074,2013-10-18
93075,2013-10-18
93076,2013-10-18
93363,2008-07-03
93364,2008-07-03
93704,2013-09-09
93710,2013-09-09
93712,2013-09-09
93716,2013-09-09
93727,2013-11-09
93867,2012-03-01
93868,2012-03-01
93940,2008-04-28
93941,2008-04-28
93942,2013-11-11
93943,2013-11-11
93944,2013-11-11
93950,2013-11-12
93956,2013-11-12
93983,2013-11-12
93985,2013-11-12
93986,2013-11-12
94026,2013-11-12
94093,2013-11-12
94099,2013-11-12
94101,2013-11-12
94102,2013-11-12
94263,2013-10-18
94348,2013-11-22
94411,2013-11-15
94414,2013-11-15
94415,2013-11-15
94419,2013-10-25
94422,2013-10-25
94423,2013-10-25
94426,2013-10-25
94449,2013-11-12
94465,2013-11-12
94467,2013-11-12
94468,2013-11-12
94803,2008-01-29
95248,2013-11-20
95249,2013-11-20
95250,2013-11-20
95251,2013-11-20
95506,2013-11-16
95535,2013-01-26
95564,2013-12-06
96166,2013-12-12
96167,2013-12-12
96168,2013-12-12
96169,2013-12-12
96560,2015-12-15
96627,2011-01-01
96657,2013-11-19
96675,2013-12-17
96678,2013-12-17
96692,2013-12-19
96693,2013-12-19
96694,2013-12-19
96695,2013-12-19
96696,2013-12-19
96697,2013-12-19
96698,2013-12-19
96699,2013-12-19
96718,2013-10-25
96726,2013-12-19
96728,2013-12-19
96729,2013-12-19
96730,2013-12-19
96731,2013-12-19
96738,2013-11-04
96742,2013-11-04
96743,2013-11-04
96759,2013-11-24
96898,2009-01-01
96900,2009-01-01
96901,2009-01-01
96902,2009-01-01
96944,2013-12-27
96945,2013-12-27
96946,2013-12-27
97211,2014-01-02
97215,2014-01-02
97216,2014-01-02
97286,2014-01-04
97373,2006-04-27
97374,2006-04-27
97393,2014-01-06
97404,2014-01-06
97540,2014-01-08
97542,2014-01-08
97544,2014-01-08
97545,2014-01-08
97568,2013-12-13
97569,2013-12-13
97570,2013-12-13
97585,2013-11-04
97586,2013-11-04
97587,2013-11-04
97588,2013-11-04
97589,2013-11-04
97590,2013-11-04
97690,2014-01-10
97793,1998-01-01
97794,1998-01-01
97813,1998-01-01
97814,1998-01-01
97844,2014-01-15
97845,2014-01-15
97846,2014-01-15
97847,2014-01-15
97848,2014-01-15
97886,2014-01-14
97887,2014-01-14
97894,2014-01-17
97958,2007-04-28
97959,2007-04-28
97960,2007-04-28
97961,2007-04-28
97962,2007-04-28
97980,2013-12-10
97986,2013-12-31
97987,2013-12-31
97988,2013-12-31
97989,2013-12-31
98025,2014-01-23
98026,2014-01-23
98028,2014-01-23
98031,2014-01-23
98077,2014-01-25
98202,2007-03-15
98203,2007-03-15
98204,2007-03-15
98205,2007-03-15
98206,2007-03-15
98235,2007-03-08
98236,2007-03-08
98237,2007-03-08
98238,2007-03-08
98251,2014-01-28
98346,2014-01-18
98348,2014-01-18
98349,2014-01-18
98547,2014-02-14
98548,2014-02-14
98549,2014-02-14
98550,2014-02-14
98551,2014-02-14
98552,2014-02-14
98553,2014-02-14
98554,2014-02-14
98555,2014-02-14
98556,2014-02-14
98557,2014-02-14
98573,2012-10-30
98574,2012-10-30
98575,2012-10-30
98576,2012-10-30
98577,2012-10-30
98578,2012-10-30
98579,2012-10-30
98580,2012-10-30
98581,2012-10-30
98582,2012-10-30
98583,2012-10-30
98584,2012-10-30
98585,2012-10-30
98613,2013-08-20
98617,2013-08-20
98618,2013-08-20
98619,2013-07-19
98620,2013-07-19
98621,2013-07-19
98622,2013-07-19
98623,2013-07-19
98624,2013-07-19
98625,2013-07-19
98626,2013-07-19
98627,2013-07-19
98628,2013-07-19
98666,2014-02-06
98667,2014-01-18
98668,2014-01-18
98669,2014-01-18
98670,2014-01-18
98671,2014-01-18
99041,2013-03-01
99093,2014-02-11
99095,2014-02-11
99096,2014-02-11
99134,2014-01-18
99135,2014-01-18
99214,2014-02-08
99311,2010-01-01
99313,2010-01-01
99345,2014-02-20
99361,2014-02-20
99362,2014-02-20
99363,2014-02-20
99364,2014-02-20
99368,2014-02-20
99369,2014-02-20
99370,2014-02-20
99371,2014-02-20
99372,2014-02-20
99373,2014-02-20
99374,2014-02-20
99375,2014-02-20
99389,2014-02-20
99390,2014-02-20
99391,2014-02-20
99392,2014-02-20
99393,2014-02-20
99394,2014-02-20
99395,2014-02-20
99411,2014-02-15
99419,2014-02-15
99436,2014-02-08
99437,2014-02-08
99438,2014-02-08
99439,2014-02-08
99440,2014-02-08
99441,2014-02-08
99442,2014-02-08
99501,2014-02-18
99703,2014-02-27
99704,2014-02-27
99707,2014-02-27
100478,2014-02-24
100479,2014-02-24
100480,2014-02-24
100522,2014-03-04
100535,2014-02-17
100536,2014-02-17
100544,2006-11-01
100549,2006-11-01
100550,2006-11-01
100552,2006-11-01
100799,2014-03-11
100802,2014-03-11
100835,2006-10-25
100949,2014-03-11
100958,2014-03-11
100959,2014-03-11
100972,2014-03-12
100973,2014-03-12
100975,2014-03-12
100976,2014-03-12
101111,2013-12-28
101112,2013-12-28
101116,2013-12-28
101118,2013-12-28
101119,2013-12-28
101864,2014-03-20
101868,2014-03-20
101873,2014-03-20
101893,2014-03-20
101951,2014-03-20
102092,2014-03-08
102112,2014-03-23
102114,2014-03-23
102195,2010-06-01
103518,2014-04-08
103519,2014-04-08
103520,2014-04-08
103521,2014-04-08
103522,2014-04-08
103523,2014-04-08
103800,2014-03-18
103808,2014-03-25
104008,2014-05-07
104009,2014-05-07
104010,2014-05-07
104062,2006-05-17
104063,2006-05-17
104064,2014-03-25
104065,2014-03-25
104066,2014-03-25
104067,2014-03-25
104068,2014-03-25
104086,2014-04-17
104276,2011-08-13
104277,2011-08-13
104278,2011-08-13
104279,2011-08-13
104282,2006-02-23
104283,2006-02-23
104284,2006-02-23
104356,2014-04-21
104357,2014-04-21
104434,2014-05-01
104625,2014-04-30
104724,2014-02-11
104725,2014-02-11
104779,2014-05-04
104780,2014-05-04
105022,2014-04-22
105119,2014-05-08
105141,2014-05-10
105142,2014-05-10
105144,2014-05-10
105145,2014-05-10
105196,2010-03-01
105408,2014-05-19
105411,2014-05-19
105412,2014-05-19
105413,2014-05-19
105414,2014-05-19
105443,2014-05-13
105450,2014-05-13
105451,2014-05-13
105662,2005-09-27
105664,2005-09-27
105670,2005-09-27
105671,2005-09-27
105672,2005-09-27
105673,2005-09-27
105674,2005-09-27
105682,2014-05-22
105683,2014-05-20
105685,2014-05-20
105712,2014-05-10
105713,2014-05-10
105714,2014-05-10
105715,2014-05-10
105716,2014-05-10
105717,2014-05-10
105718,2014-05-10
105719,2014-04-04
105720,2014-04-04
105722,2014-04-04
105887,2014-05-27
105890,2014-05-27
105912,2014-05-27
105914,2014-05-27
105915,2014-05-27
105916,2014-05-27
105917,2014-05-27
105918,2014-05-27
105919,2014-05-27
105920,2014-05-27
106339,2014-06-05
106342,2014-06-05
106343,2014-06-05
106522,2014-05-27
106629,2005-02-27
106872,2012-11-22
106876,2012-11-22
106877,2012-11-22
106937,2014-06-24
106948,2014-06-24
106951,2014-06-24
106952,2014-06-24
106953,2014-06-24
106954,2014-06-24
106955,2014-06-24
106956,2014-06-24
107020,2014-07-01
107021,2014-07-01
107025,2014-07-01
107027,2014-07-01
107028,2014-07-01
107029,2014-07-01
107030,2014-07-01
107031,2014-07-01
107046,2014-06-13
107047,2014-06-13
107048,2014-06-13
107049,2014-06-13
107050,2014-06-13
107101,2014-07-05
107125,2014-07-06
107126,2014-07-06
107127,2014-07-06
107128,2014-07-06
107129,2014-07-06
107178,2014-07-10
107179,2014-07-10
107180,2014-07-10
107181,2014-07-10
107182,2014-07-10
107183,2014-07-10
107184,2014-07-10
107185,2014-07-10
107186,2014-07-10
107187,2014-07-10
107188,2014-07-10
107189,2014-07-10
107248,2014-07-11
107249,2014-07-11
107250,2014-07-11
107251,2014-07-11
107256,2014-07-11
107257,2014-07-11
107388,2008-07-01
107389,2008-07-01
107390,2008-07-01
107391,2008-07-01
107425,2014-07-20
107426,2014-07-20
107427,2014-07-20
107429,2014-07-20
107432,2014-07-20
107433,2014-07-20
107434,2014-07-20
107435,2014-07-20
107476,2013-02-04
107506,2011-03-05
107531,2004-03-05
107532,2004-03-05
107533,2004-03-05
107534,2004-03-05
107535,2004-03-05
107567,2013-07-22
107569,2012-04-07
107571,2012-04-07
107574,2012-04-07
107577,2012-04-07
107578,2012-04-07
107579,2012-04-07
107592,2012-01-30
107593,2012-01-30
107594,2012-01-30
107595,2012-01-30
107596,2012-01-30
107597,2012-01-30
107598,2012-01-30
107613,2013-09-03
107799,2014-07-11
107804,2014-07-11
107805,2014-07-11
107809,2014-07-11
107810,2014-07-11
107850,2014-07-18
107851,2014-07-25
107852,2014-07-25
107908,2009-01-28
107909,2009-01-28
107910,2009-01-28
107911,2009-01-28
107912,2009-01-28
107913,2009-01-28
107949,2014-06-14
107950,2014-06-14
107951,2014-06-14
107952,2014-06-14
107953,2014-06-14
107954,2014-06-14
107955,2014-06-14
107956,2014-06-14
107957,2014-06-14
108012,2014-01-04
108014,2014-01-04
108015,2014-01-04
108016,2014-01-04
108017,2014-08-04
108018,2014-08-04
108019,2014-08-04
108020,2014-08-04
108021,2014-08-04
108022,2014-08-04
108023,2014-08-04
108024,2014-08-04
108025,2014-08-04
108026,2014-08-04
108027,2014-08-04
108037,2009-12-21
108038,2009-12-21
108049,2014-08-05
108050,2014-08-05
108059,2014-08-05
108060,2014-08-05
108079,2012-06-01
108155,2012-06-15
108230,2014-06-20
108290,2011-02-03
108297,2011-02-03
108298,2011-02-03
108299,2012-12-11
108300,2012-12-11
108301,2012-12-11
108302,2012-12-11
108303,2012-12-11
108304,2012-12-11
108305,2012-12-11
108306,2012-12-11
108307,2012-12-11
108308,2012-12-11
108313,2014-07-23
108314,2014-07-23
108318,2014-07-23
108319,2014-07-23
108339,2014-08-17
108341,2014-08-17
108342,2014-08-17
108343,2014-08-17
108415,2014-08-22
108416,2014-08-22
108418,2014-08-22
108420,2014-08-22
108421,2014-08-22
108422,2014-08-22
108423,2014-08-22
108425,2014-01-01
108426,2014-01-01
108427,2014-01-01
108428,2014-01-01
108429,2014-01-01
108456,2013-02-19
108457,2013-02-19
108459,2013-02-19
108460,2013-02-19
108461,2013-02-19
108464,2014-08-23
108471,2014-08-25
108472,2014-08-25
108473,2014-08-25
108474,2014-08-25
108475,2014-08-25
108476,2014-08-25
108477,2014-08-25
108478,2014-08-25
108487,2014-09-01
108488,2014-09-01
108489,2014-09-01
108490,2014-09-01
108491,2014-09-01
108492,2014-09-01
108493,2014-09-01
108494,2014-09-01
108495,2014-09-01
108496,2014-09-01
108497,2014-09-01
108498,2014-09-01
108499,2014-09-01
108500,2014-09-01
108501,2014-09-01
108502,2014-08-26
108503,2014-08-26
108504,2014-08-26
108505,2014-08-26
108745,2014-08-01
108774,2014-08-26
108799,2014-08-29
108808,2014-08-29
108809,2014-08-29
108812,2014-08-29
108836,2014-08-31
108837,2014-08-31
108838,2014-08-31
108839,2014-08-31
108840,2014-08-31
108841,2014-08-31
108842,2014-09-02
108843,2014-09-02
108845,2014-09-02
108846,2014-09-02
108847,2014-09-02
108878,2014-09-08
108879,2014-09-08
108880,2014-09-08
108881,2014-09-08
108882,2014-09-08
108883,2014-09-08
108884,2014-09-08
108885,2014-09-08
108925,2014-08-27
108957,2010-10-10
108961,2010-10-10
108962,2010-10-10
108967,2014-09-11
108968,2014-09-11
108969,2014-09-11
108970,2014-09-11
108992,2014-09-11
109068,2013-09-22
109071,2013-09-22
109072,2013-09-22
109106,2014-09-11
109189,2014-09-24
109191,2014-09-24
109235,2014-08-19
109276,2014-11-15
109349,2014-10-06
109350,2014-10-06
109355,2014-10-06
109356,2014-10-06
109357,2014-10-06
109445,2014-10-09
109446,2014-10-09
109447,2014-10-09
109448,2014-10-09
109449,2014-10-09
109450,2014-10-09
109468,2014-10-02
109480,2014-10-09
109481,2014-09-23
109497,2014-09-23
109535,2009-10-30
109537,2009-10-30
109538,2009-10-30
109542,2009-10-30
109543,2009-10-30
109548,2014-10-10
109670,2014-09-16
109681,2014-09-23
109684,2014-09-23
109685,2014-09-23
109686,2014-09-23
109687,2014-09-23
109711,2010-03-25
109712,2010-03-25
109896,2014-10-16
109900,2014-10-16
109901,2014-10-16
109902,2014-10-16
109903,2014-10-16
109904,2014-10-16
109905,2014-10-16
109906,2014-10-16
109957,2014-10-20
109958,2014-10-20
109960,2014-10-20
110070,2014-10-14
110082,2014-10-14
110084,2014-10-14
110085,2014-10-14
110086,2014-10-14
110102,2014-10-22
110103,2014-10-22
110104,2014-10-22
110105,2014-10-22
110106,2014-10-22
110107,2014-10-22
110108,2014-10-22
110109,2014-10-22
110110,2014-10-22
110111,2014-10-22
110166,2014-10-23
110167,2014-10-23
110171,2014-10-23
110172,2014-10-23
110230,2014-10-17
110259,2015-10-27
110260,2015-10-27
110261,2015-10-27
110262,2015-10-27
110263,2015-10-27
110264,2015-10-27
110265,2015-10-27
110266,2015-10-27
110267,2015-10-27
110274,2014-10-28
110384,2014-10-23
110410,2014-05-22
110417,2014-05-22
110436,2014-10-30
110437,2014-10-30
110438,2014-10-30
110439,2014-10-30
110440,2014-10-30
110441,2014-10-30
110447,2014-10-31
110448,2014-10-31
110449,2014-10-31
110450,2014-10-31
110451,2014-10-31
110452,2014-10-31
110546,2014-11-03
110647,2014-10-22
110648,2014-10-22
110649,2014-10-22
110650,2014-10-22
110651,2014-10-22
110652,2014-10-22
110653,2014-10-22
110654,2014-10-22
110681,2014-11-08
110684,2014-11-08
110687,2014-11-08
110688,2014-11-08
110689,2014-11-08
110690,2014-11-08
110691,2014-11-08
110711,2014-11-09
110735,2014-09-30
110736,2014-09-30
110743,2014-10-03
110744,2014-10-03
110756,2014-10-03
110764,2014-10-03
110765,2014-10-03
110768,2014-10-03
110771,2014-10-03
110772,2014-10-03
110774,2014-10-03
110775,2014-10-03
110776,2014-10-03
110777,2014-10-03
110778,2014-10-03
110779,2014-10-03
110923,2014-11-13
110927,2014-11-13
110928,2014-11-13
110980,2014-08-24
110982,2014-08-24
110983,2014-08-24
110985,2014-08-24
111015,2014-11-16
111182,2014-11-20
111186,2014-11-20
111187,2014-11-20
111188,2014-11-20
111220,2006-10-15
111221,2006-10-15
111222,2006-10-15
111223,2006-10-15
111224,2006-10-15
111225,2006-10-15
111226,2006-10-15
111227,2006-10-15
111228,2006-10-15
111229,2006-10-15
111230,2006-10-15
111306,2014-09-15
111311,2014-09-15
111335,2008-11-01
111367,2014-11-27
111368,2014-11-27
111371,2014-11-27
111372,2014-11-27
111375,2014-11-27
111376,2014-11-27
111377,2014-11-27
111378,2014-11-27
111379,2014-11-27
111382,2014-11-27
111385,2014-11-27
111386,2014-11-27
111387,2014-11-27
111388,2014-11-27
111389,2014-11-27
111390,2014-11-27
111391,2014-11-27
111392,2014-11-27
111393,2014-11-27
111394,2014-11-27
111395,2014-11-27
111396,2014-11-27
111397,2014-11-27
111398,2014-11-27
111399,2014-11-27
111400,2014-11-27
111401,2014-11-27
111402,2014-11-27
111413,2014-11-28
111416,2014-11-28
111658,2008-11-01
111747,2014-12-05
111793,2003-03-04
111871,2003-03-03
111872,2003-03-03
111873,2003-03-03
111911,1999-12-14
111933,2014-01-29
111934,2014-12-10
111935,2014-12-10
111936,2014-12-10
111937,2014-12-10
111938,2014-12-10
111974,2014-12-11
111994,2003-01-02
112000,2003-01-02
112001,2003-01-02
112020,2008-11-01
112065,2014-12-14
112066,2014-12-14
112088,2014-12-14
112252,2014-09-17
112314,2014-12-01
112315,2014-12-01
112316,2014-12-01
112317,2014-12-01
112318,2014-12-01
112468,2014-10-21
112481,2014-11-04
112483,2014-11-04
112484,2014-11-11
112485,2014-11-11
112486,2014-11-11
112487,2014-11-11
112488,2014-11-11
112490,2014-12-19
112526,2014-12-16
112527,2014-12-16
112528,2014-12-16
112529,2014-12-16
112733,2014-12-25
112734,2014-12-25
112735,2014-12-25
112767,1996-01-01
112768,1996-01-01
112769,1996-01-01
112770,1996-01-01
113030,2015-01-14
113031,2015-01-14
113032,2015-01-14
113033,2015-01-14
113034,2014-04-10
113035,2014-04-10
113036,2014-04-10
113037,2014-04-10
113063,2015-01-07
113203,2014-05-09
113303,2007-01-01
113304,2007-01-01
113305,2007-01-01
113334,2015-01-18
113335,2015-01-18
113336,2015-01-18
113342,2014-10-28
113343,2014-10-28
113344,2014-10-28
113357,2015-01-13
113359,2015-01-13
113360,2015-01-13
113511,2011-07-03
113512,2011-07-03
113513,2011-07-03
113558,2015-01-22
113574,2015-01-12
113696,2014-02-05
113697,2014-02-05
113698,2014-02-05
113699,2014-02-05
113700,2014-02-05
113701,2014-02-05
113822,2015-01-23
113946,2015-01-23
113949,2015-01-23
113950,2015-01-23
114006,2015-02-05
114007,2015-02-05
114061,2015-02-02
114062,2015-02-02
114063,2015-02-02
114064,2015-02-02
114065,2015-02-02
114066,2015-02-02
114067,2015-02-02
114231,2014-08-14
114232,2014-08-14
114233,2014-08-14
114234,2014-08-14
114235,2014-08-14
114236,2014-08-14
114237,2014-08-14
114238,2014-08-14
114239,2014-08-14
114279,2015-02-05
114282,2015-02-05
114283,2015-02-05
114289,2015-02-05
114290,2015-02-05
114291,2015-02-05
114292,2015-02-05
114293,2015-02-05
114294,2015-02-05
114295,2015-02-05
114296,2015-02-05
114297,2015-02-05
114298,2015-02-05
114371,2015-02-05
114372,2015-02-05
114373,2015-02-05
114374,2015-02-05
114375,2015-02-05
114395,2015-02-05
114396,2015-02-05
114397,2015-02-05
114398,2015-02-05
114399,2015-02-05
114400,2015-02-05
114401,2015-02-05
114402,2015-02-05
114403,2015-02-05
114404,2015-02-05
114405,2015-02-05
114406,2015-02-05
114408,2012-03-12
114409,2012-03-12
114410,2012-03-12
114411,2012-03-12
114412,2012-03-12
114413,2012-03-12
114414,2012-03-12
114415,2012-03-12
114416,2012-03-12
114532,2014-11-13
114533,2014-11-13
114534,2014-11-13
114535,2014-11-13
114536,2014-11-13
114538,2015-01-09
114539,2015-01-09
114541,2015-01-09
114544,2015-02-08
114545,2015-02-08
114556,2015-02-08
114558,2015-02-08
114559,2015-02-08
114879,2015-02-12
114880,2015-02-12
114884,2015-02-12
114936,2015-02-12
114937,2015-02-12
114938,2015-02-12
114939,2015-02-12
114940,2015-02-12
114941,2015-02-12
114942,2015-02-12
114943,2015-02-12
115002,2015-02-13
115011,2015-02-13
115176,2015-02-17
115262,2015-02-19
115263,2015-02-19
115267,2015-02-19
115268,2015-02-19
115269,2015-02-19
115288,2015-02-19
115289,2015-02-19
115290,2015-02-19
115292,2015-02-19
115293,2015-02-19
115294,2015-02-19
115391,2015-02-21
115392,2015-02-21
115470,2014-09-25
115471,2014-09-25
115472,2014-09-25
115473,2014-09-25
115474,2014-09-25
115475,2014-09-25
115592,2015-03-05
115597,2015-03-05
115761,2014-11-22
115762,2014-11-22
115764,2014-11-22
115765,2014-11-22
115766,2014-11-22
115888,2015-02-03
115891,2015-02-03
115892,2015-02-03
115927,2015-01-01
115930,2011-12-01
115932,2011-12-01
115935,2011-12-01
116029,2015-03-07
116175,2015-03-10
116176,2015-03-10
116177,2015-03-10
116235,2012-02-21
116236,2012-02-21
116237,2012-02-21
116238,2012-02-21
116239,2012-02-21
116240,2012-02-21
116241,2012-02-21
116242,2012-02-21
116243,2012-02-21
116344,2015-03-08
116345,2015-03-08
116372,2015-03-14
116383,2015-03-15
116388,2005-03-02
116389,2005-03-02
116390,2005-03-02
116407,2008-05-28
116446,2012-06-01
116447,2012-06-01
116448,2012-06-01
116449,2012-06-01
116451,2012-06-01
116452,2012-06-01
116453,2012-06-01
116454,2012-06-01
116455,2012-06-01
116456,2012-06-01
116457,2012-06-01
116458,2012-06-01
116466,2015-03-12
116467,2015-03-12
116468,2015-03-12
116487,2021-03-01
116488,2021-03-01
116489,2021-03-01
116490,2021-03-01
116491,2021-03-01
116526,2015-03-17
116527,2015-03-17
116528,2015-03-17
116547,2015-03-19
116586,2015-03-15
116587,2015-03-15
116704,2015-03-23
116706,2015-03-23
116707,2015-03-23
116709,2015-03-15
116753,2015-03-26
116755,2015-03-26
116756,2015-03-26
116757,2015-03-26
116758,2015-03-26
116759,2015-03-26
116760,2015-03-26
116833,2012-04-03
116872,2015-03-26
116873,2015-03-26
116874,2015-03-26
116876,2015-03-26
117057,2015-03-15
117159,2014-02-14
117160,2014-02-14
117161,2014-02-14
117169,2015-03-31
117170,2015-03-31
117171,2015-03-31
117172,2015-03-31
117173,2015-03-31
117251,2015-04-02
117252,2015-04-02
117253,2015-04-02
117472,2010-08-23
117473,2010-08-23
117609,2015-04-06
117610,2015-04-06
117611,2015-04-06
117612,2015-04-06
117613,2015-04-06
117614,2015-04-06
117666,2015-04-04
117667,2015-04-04
117668,2015-04-04
117669,2015-04-04
117670,2015-04-04
117846,2015-04-15
117883,2015-04-16
117884,2015-04-16
117885,2015-04-16
117886,2015-04-16
117887,2015-04-16
117942,2015-04-22
117943,2015-04-22
117944,2015-04-22
117945,2015-04-22
117946,2015-04-22
117961,2015-04-18
117966,2015-04-18
117967,2015-04-18
117970,2015-04-18
117991,2015-04-18
118000,2015-04-18
118012,2015-04-18
118058,2015-04-18
118059,2015-04-18
118060,2015-04-18
118061,2015-04-18
118062,2015-04-18
118063,2015-04-18
118070,2011-10-17
118257,2015-04-21
118279,2008-11-01
118384,2015-04-25
118569,2015-04-28
118629,2015-05-01
118670,2015-05-02
118671,2015-05-02
118672,2015-05-02
118674,2015-05-02
118734,2014-09-27
118735,2008-01-31
118738,2008-01-31
118739,2008-01-31
118886,2015-03-07
118891,2015-03-07
119025,2005-10-10
119026,2005-10-10
119027,2005-10-10
119063,2005-08-01
119086,2005-08-01
119095,2005-08-01
119097,2005-08-01
119118,2004-07-21
119134,2004-07-21
119187,2005-08-15
119193,2005-08-15
119257,2005-10-31
119369,2004-06-20
119379,2004-06-20
119413,2004-02-11
119545,2005-08-22
119569,2004-05-03
119571,2004-05-03
119574,2004-05-03
119575,2004-06-30
119578,2004-06-30
119579,2004-06-30
119580,2004-06-30
119582,2004-06-30
119583,2004-06-30
119584,2004-10-15
119592,2004-10-15
119715,2015-05-13
119719,2015-05-14
119725,2015-05-14
119726,2015-05-14
119828,2015-05-16
119830,2015-05-16
119831,2015-05-16
119922,2008-11-01
119979,2015-04-28
119985,2015-05-19
119988,2015-05-19
119991,2015-05-19
119992,2015-05-19
119993,2015-05-19
119994,2015-05-19
120099,2004-11-01
120105,2004-11-01
120109,2004-11-01
120111,2004-11-01
120112,2004-11-01
120150,2005-12-31
120160,2005-12-31
120161,2005-12-31
120171,2005-12-31
120172,2015-05-16
120177,2015-05-16
120178,2015-05-16
120179,2004-09-17
120183,2004-09-17
120184,2004-09-17
120188,2004-09-17
120189,2004-09-17
120194,2004-09-17
120196,2004-09-17
120199,2004-09-17
120200,2004-09-17
120201,2004-09-17
120203,2004-09-17
120206,2004-09-17
120207,2004-09-17
120208,2004-09-17
120504,2010-10-18
120513,2015-05-27
120514,2015-05-27
120515,2015-05-27
120779,2015-06-03
120782,2015-06-03
121251,2015-06-12
121273,2015-02-05
121288,2015-06-10
121312,2015-05-20
121313,2015-05-20
121314,2015-05-20
121315,2015-05-20
121316,2015-05-20
121317,2015-05-20
121318,2015-05-20
121319,2015-05-20
121320,2015-05-20
121321,2015-05-20
121322,2015-05-20
121323,2015-05-20
121472,2014-01-01
121473,2014-01-01
121474,2014-01-01
121475,2014-01-01
121570,2015-06-13
121589,2015-06-15
121590,2015-06-15
121591,2015-06-15
121592,2015-06-15
121593,2015-06-15
121594,2015-06-15
121651,2011-02-22
121652,2011-02-22
121653,2011-02-22
121654,2011-02-22
121655,2011-02-22
121656,2011-02-22
121657,2011-02-22
121658,2011-02-22
121659,2011-02-22
121660,2011-02-22
121661,2011-02-22
121662,2011-02-22
121663,2011-02-22
121664,2011-02-22
121665,2011-02-22
121666,2011-02-22
121866,2015-06-25
121867,2015-06-25
121869,2015-06-25
121913,2013-07-06
121915,2013-07-06
121922,2013-07-06
121926,2013-07-06
121929,2013-07-06
121930,2013-07-06
121976,2015-06-28
121985,2015-06-28
121987,2015-06-28
121998,2015-06-28
122001,2015-06-28
122003,2015-06-28
122004,2015-06-28
122132,2015-07-03
122143,2015-07-03
122153,2015-07-03
122155,2015-07-03
122166,2015-07-03
122168,2015-07-03
122199,2015-07-04
122201,2015-07-04
122204,2015-07-04
122395,2015-07-09
122397,2015-07-09
122398,2015-07-09
122399,2015-07-09
122400,2015-07-09
122456,2015-07-11
122457,2015-07-11
122473,2015-07-14
122474,2015-07-14
122475,2015-07-14
122498,2015-07-14
122499,2015-07-14
122500,2015-07-14
122503,2015-07-14
122504,2015-07-14
122510,2015-07-13
122511,2015-07-13
122533,2015-07-14
122534,2015-07-14
122578,2015-07-14
122579,2015-07-14
122620,2015-07-16
122683,2015-05-04
122685,2015-05-04
122686,2015-05-04
122798,2010-01-01
122799,2010-01-01
122800,2010-01-01
122803,2010-01-01
122804,2010-01-01
122805,2010-01-01
122806,2010-01-01
122807,2010-01-01
122808,2010-01-01
122809,2010-01-01
122810,2010-01-01
122832,2015-07-21
122932,2015-07-14
122934,2015-07-14
122935,2015-07-14
122936,2015-07-14
122959,2015-07-25
122999,2015-07-25
123000,2015-07-25
123001,2015-07-25
123002,2015-07-25
123003,2015-07-25
123004,2015-07-25
123094,2015-07-29
123096,2015-07-29
123097,2015-07-29
123099,2015-07-29
123333,2015-07-21
123342,2015-07-21
123438,2015-08-06
123439,2015-08-06
123440,2015-08-06
123441,2015-08-06
123442,2015-08-06
123501,2015-08-08
123502,2015-08-08
123503,2015-08-08
123504,2015-08-08
123505,2015-08-08
123506,2015-08-08
123509,2015-07-14
123523,2015-08-10
123614,2015-06-02
123641,2015-07-14
123645,2015-07-14
123647,2015-07-14
123821,2014-11-23
123825,1991-08-21
123832,1991-08-21
123834,1991-08-21
123835,1991-08-21
123866,2015-08-15
123867,2015-08-15
123868,2015-08-15
123932,2012-12-11
123933,2012-12-11
123934,2012-12-11
123935,2012-12-11
123936,2012-12-11
123937,2012-12-11
123938,2012-12-11
123981,2015-07-31
123986,2015-07-31
124184,2013-08-01
124185,2013-08-01
124186,2013-08-01
124201,2015-08-25
124391,2008-05-05
124392,2008-05-05
124393,2008-05-05
124394,2008-05-05
124474,2005-07-01
124477,2005-07-01
124479,2005-07-01
124480,2005-07-01
124481,2005-07-01
124482,2005-07-01
124483,2005-07-01
124484,2005-07-01
124485,2005-07-01
124509,2015-09-06
124517,2015-09-06
124518,2015-09-06
124519,2015-09-06
124752,2010-06-25
124753,2010-06-25
124754,2010-06-25
124755,2010-06-25
124756,2010-06-25
124912,2015-04-06
124913,2015-04-06
124915,2015-04-06
124916,2015-04-06
124917,2015-04-06
124918,2015-04-06
124992,2015-07-04
124996,2015-07-04
125001,2015-07-04
125002,2015-07-04
125003,2015-07-04
125004,2015-07-04
125154,2015-09-18
125156,2015-09-18
125157,2015-09-18
125158,2015-09-18
125159,2015-09-18
125160,2015-09-18
125161,2015-09-18
125237,2015-09-20
125238,2015-09-20
125239,2015-09-20
125240,2015-09-20
125286,2015-09-22
125287,2015-09-22
125288,2015-09-22
125289,2015-09-22
125291,2015-09-22
125293,2015-09-22
125298,2015-09-22
125299,2015-09-22
125315,2015-09-22
125375,2015-09-23
125377,2015-09-23
125432,2015-09-13
125617,2015-09-27
125618,2015-09-27
125620,2015-09-27
125621,2015-09-27
125622,2015-09-27
125657,2015-09-28
125659,2015-09-28
125721,2015-09-29
125722,2015-09-29
125723,2015-09-29
125774,2015-09-07
125776,2015-09-07
125777,2015-09-07
125778,2015-09-07
125779,2015-09-07
125999,2015-09-18
126014,2015-10-05
126015,2015-10-05
126016,2015-10-05
126017,2015-10-05
126018,2015-10-05
126180,2009-04-19
126181,2009-04-19
126182,2009-04-19
126183,2009-04-19
126185,2009-04-19
126186,2009-04-19
126187,2009-04-19
126188,2009-04-19
126189,2009-04-19
126221,2012-01-01
126223,2012-01-01
126224,2012-01-01
126225,2012-01-01
126226,2012-01-01
126227,2012-01-01
126229,2015-10-12
126230,2015-10-12
126231,2015-10-12
126232,2015-10-12
126233,2015-10-12
126234,2015-10-12
126240,2015-10-13
126241,2015-10-13
126242,2015-10-13
126243,2015-10-13
126292,2015-09-18
126294,2015-10-14
126295,2015-10-14
126297,2015-10-14
126300,2015-10-14
126354,2010-10-01
126357,2010-10-01
126362,2010-10-01
126398,2015-08-17
126400,2015-08-17
126401,2015-08-17
126402,2015-08-17
126403,2015-08-17
126404,2015-08-17
126405,2015-08-17
126406,2015-08-17
126407,2015-08-17
126408,2015-10-18
126409,2015-10-18
126410,2015-10-18
126411,2015-10-18
126412,2015-10-18
126413,2015-10-18
126414,2015-10-20
126415,2015-10-20
126416,2015-10-20
126417,2015-10-20
126425,2014-07-14
126426,2014-07-14
126427,2014-07-14
126428,2014-07-14
126429,2014-07-14
126430,2014-07-14
126431,2014-07-14
126455,2015-12-02
126489,2011-06-02
126490,2011-06-02
126491,2011-06-02
126505,2015-10-17
126506,2015-10-17
126507,2015-10-17
126508,2015-10-17
126510,2015-10-17
126512,2015-10-17
126516,2015-10-17
126519,2015-10-17
126520,2015-10-17
126521,2015-10-17
126522,2015-10-17
126550,2015-10-19
126557,2015-10-19
126559,2015-10-19
126600,2015-10-19
126601,2015-10-19
126602,2015-10-19
126603,2015-10-19
126605,2015-10-19
126606,2015-10-19
126607,2015-10-19
126608,2015-10-19
126716,2015-12-23
126717,2015-12-23
126718,2015-12-23
126719,2015-12-23
126720,2015-12-23
126778,2000-07-17
126781,2000-07-17
126782,2000-07-17
126786,2002-06-10
126789,2002-06-10
126790,2002-06-10
126882,2015-10-28
126883,2015-10-28
126884,2015-10-28
126885,2015-10-28
126886,2015-10-28
126887,2015-10-28
126979,2015-06-22
127036,2015-05-13
127037,2015-05-13
127062,2014-12-01
127066,2014-12-01
127155,2015-11-02
127159,2002-03-24
127180,2012-02-28
127181,2012-02-28
127182,2012-02-28
127183,2012-02-28
127184,2012-02-28
127185,2012-02-28
127186,2012-02-28
127187,2012-02-28
127188,2012-02-28
127189,2012-02-28
127190,2011-04-07
127191,2011-04-07
127192,2011-04-07
127193,2011-04-07
127194,2011-04-07
127203,2013-06-16
127204,2013-06-16
127205,2013-06-16
127206,2013-06-16
127207,2015-05-01
127208,2015-05-01
127209,2015-05-01
127210,2015-05-01
127211,2015-05-01
127212,2015-05-01
127265,2015-06-07
127266,2015-06-07
127267,2015-06-07
127268,2015-06-30
127269,2015-06-30
127271,2015-06-30
127273,2015-06-30
127274,2015-06-30
127275,2015-06-30
127276,2015-06-30
127277,2014-05-25
127278,2014-05-25
127279,2014-05-25
127280,2014-05-25
127281,2014-05-25
127285,2014-05-25
127286,2014-05-25
127287,2014-05-25
127288,2014-05-25
127289,2014-05-25
127290,2014-05-25
127294,2013-03-13
127295,2013-03-13
127296,2013-03-13
127297,2013-03-13
127298,2013-03-13
127299,2013-03-13
127300,2013-03-13
127301,2013-03-13
127302,2013-03-13
127303,2013-03-13
127330,2015-11-01
127331,2015-11-05
127339,2015-11-05
127343,2011-06-28
127349,2011-06-28
127350,2011-06-28
127402,2015-11-07
127422,2015-11-07
127469,2015-11-08
127484,2015-11-08
127494,2015-11-09
127495,2015-11-09
127496,2015-11-09
127497,2015-11-09
127498,2015-11-09
127499,2015-11-09
127519,2015-11-10
127520,2015-11-10
127532,2015-08-07
127541,2015-08-07
127542,2015-08-07
127559,2015-10-26
127720,2015-11-09
127722,2015-01-28
127726,2015-01-28
127804,2015-11-15
127806,2015-11-15
127878,2016-01-10
127908,2015-11-15
127909,2015-11-15
127910,2015-11-15
127911,2015-11-15
127912,2015-11-15
127913,2015-11-15
127914,2015-11-15
127915,2015-11-15
127916,2015-11-02
127936,2015-12-04
128441,2014-10-24
128443,2014-10-24
128448,2014-10-24
128469,2015-11-27
128470,2015-11-27
128471,2015-11-27
128472,2015-11-27
128473,2015-11-27
128476,2015-09-25
128477,2015-09-25
128482,2015-09-25
128484,2015-09-25
128494,2015-11-27
128500,2015-11-27
128504,2015-11-27
128666,2015-12-01
128668,2015-12-01
128699,2015-12-03
128709,2012-11-05
128710,2012-11-05
128711,2012-11-05
128758,2015-12-04
128759,2015-12-04
128760,2015-12-04
128799,2015-12-05
128811,2015-12-05
128812,2015-12-05
128813,2015-12-05
128814,2015-12-05
128815,2015-12-05
128825,2015-12-06
128827,2015-12-06
128828,2015-12-06
128835,2015-12-06
128845,2015-12-06
128878,2015-12-07
128879,2015-12-07
128880,2015-12-07
128881,2015-12-07
128882,2015-12-07
128927,2015-12-08
128992,2013-11-16
129039,2015-12-09
129040,2015-12-09
129042,2015-12-09
129043,2015-12-09
129044,2015-12-09
129048,2015-11-05
129049,2015-11-05
129051,2015-11-05
129052,2015-11-05
129053,2015-11-05
129054,2015-11-05
129055,2015-11-05
129056,2015-11-05
129088,2011-09-01
129089,2011-09-01
129090,2011-09-01
129091,2011-09-01
129092,2011-09-01
129093,2011-09-01
129094,2011-09-01
129095,2011-09-01
129096,2011-09-01
129097,2011-09-01
129098,2011-09-01
129184,2015-12-12
129185,2015-12-12
129186,2015-12-12
129187,2015-12-12
129188,2015-12-12
129189,2015-12-12
129190,2015-12-12
129362,2013-03-30
129372,2013-03-30
129374,2013-03-30
129375,2013-03-30
129391,2014-12-14
129392,2014-12-14
129393,2014-12-14
129399,2015-11-05
129439,2015-10-18
129442,2015-10-18
129444,2015-10-18
129620,2015-12-20
129622,2015-12-20
129624,2015-12-20
129674,2015-12-22
129675,2015-12-22
129742,2015-12-21
129806,2015-12-28
129807,2015-12-28
129808,2015-12-28
129874,2015-01-28
129875,2015-01-28
129876,2015-01-28
129879,2015-01-28
129880,2015-01-28
129882,2015-01-28
129883,2015-01-28
129884,2015-01-28
129885,2015-01-28
129886,2015-01-28
129887,2015-01-28
129889,2015-01-28
129904,2016-01-02
129910,2016-01-02
129914,2016-01-02
129915,2016-01-02
129918,2016-01-02
129919,2016-01-02
129920,2016-01-02
129962,2014-11-27
129968,2014-11-27
129969,2014-11-27
129970,2014-11-27
129972,2014-11-27
129973,2014-11-27
129997,2008-11-01
130084,2016-01-04
130168,2016-01-05
130170,2016-01-05
130265,2016-01-05
130440,2016-01-08
130454,2016-01-08
130456,2016-01-08
130650,2016-01-12
130682,2015-10-28
130709,2010-02-06
130710,2010-02-06
130711,2010-02-06
130752,2016-01-13
130758,2016-01-13
130920,2010-12-08
130921,2010-12-08
130922,2010-12-08
130923,2010-12-08
130929,2016-01-15
130930,2016-01-15
130931,2016-01-15
130932,2016-01-15
130933,2016-01-15
130934,2016-01-15
130937,2015-10-16
130940,2015-10-16
130944,2015-10-16
130945,2015-11-27
130948,2015-11-27
130950,2015-11-27
130951,2015-11-27
130952,2015-11-27
130953,2015-11-27
130954,2015-11-27
130955,2015-11-27
130956,2014-10-03
130963,2014-10-03
130964,2014-10-03
130986,2016-01-17
130988,2016-01-18
130989,2016-01-18
130990,2016-01-18
130991,2016-01-18
130992,2016-01-18
130993,2016-01-18
131016,2016-01-19
131019,2016-01-19
131020,2016-01-19
131021,2016-01-19
131024,2016-01-20
131166,2014-05-02
131292,2008-11-01
131323,2016-01-24
131324,2016-01-24
131325,2016-01-24
131326,2016-01-24
131327,2016-01-24
131410,2011-01-01
131422,2016-01-26
131425,2016-01-26
131426,2016-01-26
131436,2016-02-04
131439,2016-02-04
131444,2016-02-04
131446,2016-02-04
131448,2016-02-04
131449,2016-02-04
131451,2016-02-04
131452,2016-02-04
131453,2016-02-04
131454,2016-02-04
131476,2016-01-26
131552,2013-01-01
131553,2013-01-01
131554,2013-01-01
131567,2011-01-01
131656,2015-11-21
131657,2015-11-21
131658,2015-11-21
131764,2010-07-24
131767,2010-07-24
131770,2010-07-24
131771,2010-07-24
131772,2010-07-24
131773,2010-07-24
131774,2010-07-24
131787,2016-02-04
131789,2016-02-04
131791,2016-02-04
131792,2016-02-04
131794,2016-02-04
131795,2016-02-04
131796,2016-02-04
131797,2016-02-04
131932,2016-02-05
131933,2016-02-05
131934,2016-02-05
131935,2016-02-05
131936,2016-02-05
131950,2016-01-16
131951,2016-01-16
131952,2016-01-16
131953,2016-01-16
131978,2008-02-19
131979,2008-02-19
131980,2016-02-06
131982,2016-02-06
131983,2016-02-06
131984,2016-02-06
131985,2016-02-06
131986,2016-02-06
132040,2016-01-27
132041,2016-01-27
132042,2016-01-27
132045,2016-01-27
132117,2016-01-29
132118,2016-01-29
132122,2016-01-29
132139,2016-01-16
132140,2016-01-16
132141,2016-01-16
132142,2016-01-16
132171,2011-01-10
132424,2003-01-01
132434,2003-01-01
132436,2003-01-01
132449,2010-01-25
132453,2010-01-25
132454,2010-01-25
132455,2010-01-25
132456,2010-01-25
132589,2016-02-18
132778,2016-03-01
132779,2016-03-01
132781,2016-03-01
132784,2016-03-01
132786,2016-03-01
132787,2016-03-01
132788,2016-03-01
132789,2016-03-01
132790,2016-03-01
132791,2016-03-01
132792,2016-03-01
132793,2016-03-01
132794,2016-03-01
132795,2016-03-01
132914,2014-11-11
132954,2008-01-01
132961,2008-01-01
132962,2008-01-01
132963,2008-01-01
132964,2008-01-01
132965,2008-01-01
133015,2013-05-19
133016,2013-05-19
133019,2013-05-19
133020,2013-05-19
133022,2013-05-19
133023,2013-05-19
133024,2013-05-19
133025,2013-05-19
133026,2013-05-19
133027,2013-05-19
133028,2013-05-19
133029,2013-05-19
133102,2016-02-27
133272,2015-02-19
133273,2015-02-19
133274,2015-02-19
133275,2015-02-19
133276,2015-02-19
133293,2016-02-29
133294,2016-02-29
133297,2016-02-29
133332,2016-02-29
133333,2016-02-29
133431,2015-06-29
133432,2015-06-29
133433,2015-06-29
133434,2015-06-29
133435,2015-06-29
133436,2015-06-29
133437,2015-06-29
133438,2015-06-29
133439,2015-06-29
133440,2015-06-29
133441,2016-01-04
133442,2016-01-04
133443,2016-01-04
133444,2016-01-04
133445,2016-01-04
133446,2016-01-04
133447,2016-01-04
133448,2016-01-04
133449,2016-01-04
133450,2016-01-04
133451,2016-01-04
133452,2016-01-04
133453,2016-01-04
133454,2016-01-04
133455,2016-01-04
133456,2016-01-04
133457,2016-01-04
133459,2016-01-04
133638,2016-02-02
133639,2016-02-02
133681,2016-03-04
133729,2016-03-05
133731,2016-03-05
133780,2016-03-01
133781,2016-03-01
133788,2015-08-31
133793,2015-08-31
133798,2015-08-31
133802,2015-08-31
133803,2015-08-31
133833,2016-03-08
133942,2016-03-10
133943,2016-03-10
133967,2015-05-19
133968,2015-05-19
133969,2015-05-19
133970,2015-05-19
133971,2015-05-19
133972,2015-05-19
133973,2015-05-19
133974,2015-05-19
133975,2015-05-19
133976,2015-05-19
133977,2015-05-19
133978,2015-05-19
134034,2016-02-29
134073,2009-01-01
134077,2009-01-01
134084,2009-01-01
134094,2014-05-29
134384,2016-03-22
134385,2016-03-22
134388,2016-03-22
134389,2016-03-22
134443,2016-02-20
134444,2016-02-20
134445,2016-02-20
134446,2016-03-07
134447,2016-03-07
134448,2016-03-07
134449,2016-02-20
134452,2016-02-20
134453,2016-02-20
134454,2016-02-20
134455,2016-02-20
134486,2016-03-22
134509,2016-03-22
134510,2016-03-22
134580,2016-03-24
134586,2016-03-24
134594,2016-02-19
134610,2016-03-25
134631,2013-10-04
134790,2016-04-01
134791,2016-04-01
134792,2016-04-01
134793,2016-04-01
134794,2016-04-01
134795,2016-04-01
134796,2016-04-01
134797,2016-04-01
134801,2016-04-01
134823,2016-04-01
134824,2016-04-01
134825,2016-04-01
134826,2016-04-01
134827,2016-04-01
134928,1998-04-06
134929,1998-04-06
134930,1998-04-06
134931,1998-04-06
134932,1998-04-06
134933,1998-04-06
134934,1998-04-06
134935,1998-04-06
134936,1998-04-06
134937,1998-04-06
134938,1998-04-06
134939,1998-04-06
134940,1998-04-06
134941,1998-04-06
134942,1998-04-06
134979,2016-01-03
134981,2016-01-03
135010,2016-01-15
135028,2014-04-04
135039,2016-02-12
135043,2016-02-12
135044,2016-02-12
135054,2016-01-04
135089,2015-12-22
135091,2015-12-22
135092,2015-12-22
135219,2015-06-03
135220,2015-06-03
135221,2015-06-03
135222,2015-06-03
135223,2015-06-03
135224,2015-06-03
135225,2015-06-03
135226,2015-06-03
135227,2015-06-03
135228,2015-06-03
135229,2015-06-03
135986,2016-03-24
135989,2016-03-24
135990,2016-03-24
136054,2011-01-01
136134,2016-04-28
136137,2016-04-28
136138,2016-04-28
136449,2016-04-29
136465,2016-05-03
136466,2016-05-03
136467,2016-05-03
136468,2016-05-03
136469,2016-05-03
136928,2014-01-01
136994,2016-05-10
136995,2016-05-10
137151,2016-05-13
137152,2016-05-13
137211,2016-04-22
137212,2016-04-22
137213,2016-04-22
137214,2016-04-22
137356,2013-01-01
137484,2016-05-18
137593,2015-01-01
137624,2013-01-01
137627,2013-01-01
137630,2013-01-01
137631,2013-01-01
137632,2013-01-01
137895,2016-05-17
137896,2016-05-17
137898,2016-05-17
137899,2016-05-17
137900,2016-05-17
137901,2016-05-17
137935,2016-03-11
137990,2016-02-09
137998,2016-02-21
138010,2013-02-21
138015,2015-09-11
138016,2015-09-11
138017,2015-09-11
138018,2015-03-28
138019,2015-03-28
138020,2015-03-28
138021,2015-03-28
138022,2015-03-28
138023,2015-03-28
138024,2015-03-28
138025,2015-03-28
138026,2015-03-28
138038,2016-02-16
138039,2016-02-16
138040,2016-02-16
138041,2016-02-16
138053,2014-04-22
138060,2015-08-15
138061,2015-08-15
138062,2013-11-04
138063,2013-11-04
138064,2013-11-04
138065,2013-11-04
138066,2013-11-04
138067,2013-11-04
138068,2013-11-04
138069,2013-11-04
138070,2013-11-04
138071,2013-11-04
138207,2014-01-01
138210,2014-01-01
138211,2014-01-01
138212,2016-05-24
138213,2016-05-24
138215,2016-05-24
138216,2016-05-24
138217,2016-05-24
138218,2016-05-24
138256,2012-10-26
138282,2016-06-02
138306,2016-06-02
138311,2016-06-02
138317,2016-06-02
138318,2016-06-02
138319,2016-06-02
138320,2016-06-02
138351,2016-05-04
138355,2009-01-01
138406,2016-06-04
138410,2016-06-04
138413,2016-06-04
138414,2016-06-04
138415,2016-06-04
138416,2016-06-04
138578,2015-06-21
138579,2015-06-21
138580,2015-06-21
138581,2015-06-21
139043,2016-06-15
139329,2016-06-22
139330,2016-06-22
139485,2013-09-26
139491,2013-09-26
139520,2016-05-30
139521,2016-05-30
139522,2016-05-30
139523,2016-05-30
139524,2016-05-30
139532,2016-05-31
139534,2016-05-31
139536,2016-05-31
139537,2016-05-31
139637,2016-06-17
139638,2016-06-17
139933,2016-07-12
139934,2016-07-12
139935,2016-07-12
139936,2016-07-12
139937,2016-07-12
139954,2015-04-20
140043,2016-07-14
140266,2007-02-01
140576,2016-07-25
140583,2016-07-25
140584,2016-07-25
140609,2016-07-26
140620,2016-07-07
140621,2016-07-14
140623,2016-07-14
140625,2016-07-14
140626,2016-07-14
140788,2013-06-03
140789,2013-06-03
140790,2013-06-03
140791,2013-06-03
140794,2013-06-03
140871,2016-06-22
140872,2016-06-22
140873,2016-06-22
140874,2016-06-22
140875,2016-06-22
140922,2016-08-03
140923,2016-08-03
140924,2016-08-03
140925,2016-08-03
140926,2016-08-03
140933,2016-08-03
140934,2016-08-03
140935,2016-08-03
140939,2016-08-03
141179,2016-08-09
141180,2016-08-09
141181,2016-08-09
141182,2016-08-09
141310,2016-08-14
141375,2016-08-14
141590,2009-03-30
141591,2009-03-30
141592,2009-03-30
141593,2009-03-30
141594,2009-03-30
141616,2009-02-23
141617,2009-02-23
141618,2009-02-23
141619,2009-02-23
141735,2015-10-27
142094,2016-10-10
142096,2016-10-10
142097,2016-10-10
142098,2016-10-10
142128,2016-08-26
142129,2016-08-26
142132,2016-08-26
142133,2016-08-26
142358,2016-08-30
142359,2016-08-30
142360,2016-08-30
142361,2016-08-30
142362,2016-08-30
142381,2015-07-10
142418,2012-10-01
142433,2016-10-10
142511,2016-06-03
142516,2014-10-01
142517,2014-10-01
142519,2014-10-01
142528,2016-04-15
142529,2016-04-15
142530,2016-04-15
142531,2016-04-15
142532,2016-04-15
142533,2016-03-31
142534,2016-03-31
142535,2016-03-31
142536,2016-03-31
142537,2016-03-31
142538,2016-03-31
142539,2016-03-31
142549,2016-06-09
142550,2016-06-09
142551,2016-06-09
142552,2016-06-09
142553,2016-06-09
142563,2016-03-07
142564,2016-04-15
142565,2016-04-15
142566,2016-04-15
142567,2016-04-15
142568,2016-04-15
142569,2016-04-15
142570,2016-04-15
142571,2016-04-15
142572,2016-04-15
142573,2016-04-15
142574,2015-05-18
142575,2015-05-18
142576,2015-05-18
142577,2016-06-11
142579,2016-06-11
142641,2016-10-10
142666,2016-09-01
142668,2016-09-01
142669,2016-09-01
142670,2016-09-01
142671,2016-09-01
142672,2016-09-01
142947,2016-09-09
142948,2016-09-09
142949,2016-09-09
142950,2016-09-09
143039,2009-01-01
143095,2016-09-13
143097,2016-09-13
143098,2016-09-13
143099,2016-09-13
143106,2016-09-13
143186,2016-09-15
143239,2016-10-10
143318,2016-08-31
143319,2016-08-31
143941,2016-10-10
143989,2016-09-27
143995,2016-09-27
144170,2013-09-13
144171,2013-09-13
144172,2013-09-13
144173,2013-09-13
144179,2011-08-10
144180,2011-08-10
144181,2011-08-10
144182,2011-08-10
144212,2016-09-27
144213,2016-09-27
144214,2016-09-27
144215,2016-09-27
144216,2016-09-27
144423,2014-03-01
144424,2014-03-01
144454,2016-10-10
144487,2016-10-01
144492,2016-10-01
144592,2016-10-05
144600,2016-10-10
144740,2016-08-19
144741,2016-08-19
144801,2016-10-10
144933,2016-10-11
144934,2016-10-11
144935,2016-10-11
144936,2016-10-11
144937,2016-10-11
144938,2016-10-11
144939,2016-10-11
144940,2016-10-11
144941,2016-10-11
144942,2016-10-11
144943,2016-10-11
144944,2016-10-11
144945,2016-10-11
144946,2016-10-11
145041,2016-10-13
145042,2016-10-13
145043,1996-01-01
145058,1999-01-01
145059,1999-01-01
145067,2014-05-05
145068,2014-05-05
145074,1996-01-01
145199,2016-10-19
145241,2016-10-20
145457,2016-10-27
145458,2016-10-27
145550,2007-06-26
145551,2007-06-26
145552,2007-06-26
145553,2007-06-26
145554,2007-06-26
145555,2007-06-26
145556,2007-06-26
145645,2016-11-01
145646,2016-11-01
145702,2016-10-04
145703,2016-10-04
145704,2016-10-04
145705,2016-10-04
145706,2016-10-04
145707,2016-10-25
145708,2016-10-25
145709,2016-10-25
145710,2016-10-25
145711,2016-10-25
145724,2016-10-18
145727,2016-10-18
145728,2016-10-18
145729,2016-10-18
145730,2016-10-18
145741,2016-10-18
145742,2016-10-18
145743,2016-10-18
145744,2016-10-18
145745,2016-10-18
145746,2016-10-18
145747,2016-10-25
145748,2016-10-25
145749,2016-10-25
145750,2016-10-25
145751,2016-10-25
145762,2016-11-01
145777,2016-11-02
145780,2016-10-19
145783,2016-10-19
145887,2016-11-05
146147,2016-11-08
146148,2016-11-08
146149,2016-11-08
146150,2016-11-08
146151,2016-11-08
146152,2016-11-08
146153,2016-11-08
146343,2016-11-14
146458,2015-09-09
146478,2016-11-01
146481,2016-11-01
146482,2016-11-01
146483,2016-11-01
146681,2016-11-15
146683,2016-11-15
146685,2016-11-15
146687,2016-11-18
146689,2016-11-18
146713,2016-11-18
146716,2016-11-18
146724,2016-11-18
146725,2016-11-18
146726,2016-11-18
146727,2016-11-18
146879,2016-11-25
146961,2016-11-27
146968,2016-11-27
146969,2016-11-27
146970,2016-11-27
146988,2016-11-29
146989,2016-11-29
147020,2016-11-29
147021,2016-11-29
147022,2016-11-29
147023,2016-11-29
147024,2016-11-29
147085,2013-12-10
147086,2013-12-10
147087,2016-12-04
147126,2016-10-27
147191,2016-12-06
147265,2016-12-08
147267,2016-12-08
147268,2016-12-08
147269,2016-12-08
147309,2016-10-27
147886,2016-12-06
147956,2015-03-27
148002,2016-12-18
148066,2016-12-21
148070,2016-12-21
148074,2016-12-21
148075,2016-12-21
148076,2016-12-21
148077,2016-12-21
148078,2016-12-21
148079,2016-12-21
148082,2016-11-16
148246,2016-11-05
148285,2016-11-22
148286,2016-11-22
148287,2016-11-22
148288,2016-11-22
148289,2016-11-22
148290,2016-11-22
148302,2016-12-26
148303,2016-12-26
148305,2016-12-26
148439,2016-07-14
148441,2016-07-14
148443,2016-07-14
148444,2016-07-14
148510,2016-11-11
148513,2016-11-11
148514,2016-11-11
148516,2016-11-11
148517,2016-11-11
148518,2016-11-11
148519,2016-11-11
148532,2016-04-01
148535,2016-04-01
148536,2016-02-23
148537,2016-02-23
148584,2016-05-01
148585,2016-05-01
148586,2016-05-01
148587,2016-05-01
148602,2016-02-26
148603,2016-02-26
148604,2016-02-26
148605,2016-02-26
148606,2016-10-18
148607,2016-10-18
148608,2016-10-18
148609,2016-10-18
148610,2016-10-18
148611,2016-10-18
148612,2016-10-18
148613,2016-10-18
148773,2017-01-02
149099,2016-07-22
149100,2016-07-22
149101,2016-07-22
149102,2016-07-22
149103,2016-07-22
149118,2010-01-01
149124,2010-01-01
149138,2010-01-01
149139,2015-10-28
149140,2015-10-28
149141,2015-10-28
149142,2015-10-28
149143,2015-10-28
149416,2016-12-30
149417,2016-12-30
149422,2017-01-13
149687,2011-09-19
149689,2011-09-19
149690,2011-09-19
149750,2015-07-01
149842,2015-12-05
149951,2010-01-01
149953,2010-01-01
150015,2016-09-01
150017,2016-09-01
150018,2016-09-01
150062,2017-01-26
150063,2017-01-26
150064,2017-01-26
150073,2017-01-29
150078,2017-01-29
150079,2017-01-29
150080,2017-01-29
150287,2016-12-20
150288,2016-12-20
151404,2012-11-19
154303,2017-03-05
154305,2017-03-05
154306,2017-03-05
154307,2017-03-05
154308,2017-03-05
154309,2017-03-05
155066,2017-03-24
